dataset,method,runtime_mean,runtime_std,Homogeneity_mean,Homogeneity_std,Completeness_mean,Completeness_std,V-measure_mean,V-measure_std,ARI_mean,ARI_std,aMI_mean,aMI_std,Silhouette_mean,Silhouette_std,KNN acc_mean,KNN acc_std
MNIST,DTNE,0.4780265887578328,0.008088363214242458,0.7326202901409896,0.002201309557339838,0.7472954031609298,0.006864501530044657,0.7398777994739396,0.004448167249624483,0.6271688297296877,0.0027021804660750256,0.7344724659724589,0.004516312783732533,0.5357272650764638,0.0011372679139701706,0.8271604938271605,0.020053116885644123
MNIST,Diffusion Maps,0.5219793160756429,0.011564839876875286,0.6131609313425013,0.0036807226983692253,0.7773110007021503,0.014533285715343807,0.6855079205760359,0.0076156298911689195,0.3875433590336581,0.007721110210250493,0.6782056172097712,0.007834849916664563,0.6877060503728812,0.02016353376485941,0.7929292929292929,0.017162722481081468
MNIST,EntroPath,1.9721832195917766,0.032614911288814344,0.78460211134744,0.001412996923558167,0.7965670162583225,0.001688940565260404,0.7905392368567145,0.0015391435704407005,0.7004244188965985,0.0010969061908752324,0.7861994579510136,0.0015701497875170035,0.5122717829795084,0.0003701869883449463,0.9079685746352413,0.015948646462404313
MNIST,HeatGeo,0.536342446009318,0.021962694431559116,0.842126069867899,0.0018075671707462816,0.8440177829603697,0.0021580901417782624,0.8430708179110078,0.0019797827388655796,0.8012655950062303,0.002628806158833822,0.8398484146341243,0.0020195127955165205,0.5143927718209658,0.0016474899234139007,0.9282828282828283,0.016283788773813833
MNIST,Isomap,0.12696998119354247,0.0014129165521704547,0.6653890761975599,0.005203428552783788,0.6741090156094433,0.007665964970835583,0.6696837946412948,0.004086483010926192,0.5391373320733207,0.012496092002203555,0.6628420043695608,0.004150276319180738,0.502301706383544,0.013501758270963464,0.7854096520763189,0.01805480733963536
MNIST,MDS,6.68107070128123,0.16306969041014163,0.5820553183692366,0.01249923126730598,0.5833735567815096,0.012237199633220007,0.5827134986031446,0.012364967505562595,0.49346520238064084,0.018306062126509825,0.574144269967436,0.012622173260472162,0.39039166685398696,0.0034442368401700865,0.7393939393939395,0.021991988888076672
MNIST,PHATE,1.8937737782796225,0.17984573374760288,0.7322992355735566,0.005692031924852605,0.7460335794306387,0.006753179833579287,0.7391008468365763,0.0061235011310149445,0.6194144481412601,0.00980165977839403,0.733673999103597,0.0062458441436784315,0.5137832591229764,0.00732012511454912,0.9003367003367003,0.023219784028792944
MNIST,UMAP,1.1520004669825237,0.004044429792317213,0.8508058177511465,0.013728023098753,0.858830019106919,0.012000106900276346,0.8547947365330973,0.012758893291597273,0.7966310498933888,0.024785830779798124,0.8517967861391117,0.013027175204780904,0.6723230202992757,0.014168059366864116,0.9388327721661055,0.013757578352809396
MNIST,t-SNE,1.2879626274108886,0.04831560515141011,0.8802910683133987,7.141704126996961e-17,0.8821311299805151,8.246529600388713e-17,0.8812101385862745,9.219900382466669e-17,0.8430549171004948,0.0,0.8787711202890558,5.049947417427503e-17,0.6339967250823975,0.0,0.9443322109988777,0.014548908574734457
PBMC,DTNE,0.8715299367904663,0.019996596293395664,0.6911149314857251,0.0027480061137034766,0.7310335801021952,0.0007026868185266486,0.7105098816887505,0.0011253318237589174,0.6834971436887007,0.0056513269609299,0.7069268104797671,0.0011473345262906114,0.31145674294336073,0.005411456835176861,0.8448776758409786,0.010647384531842927
PBMC,Diffusion Maps,1.6055061181386312,0.025681908866842455,0.3254735127785521,0.0016661673283656507,0.37160158993732323,0.0051518073579208705,0.3469906564118113,0.0022363305122150524,0.20340905178789234,0.003196007597227673,0.3390979403757557,0.0022547549061097518,0.512832595729729,0.007514364626989087,0.591743119266055,0.013278458000284626
PBMC,EntroPath,2.302482843399048,0.19435120222875296,0.5137581351499078,0.01633988769629639,0.3982661584539618,0.012613752752822584,0.44869957729687404,0.014236358721175906,0.2624551273194374,0.012185718703722336,0.4427919882949827,0.01438934661554108,0.36956504799590795,0.002470069700903385,0.7751529051987768,0.016642910974800723
PBMC,HeatGeo,1.426499843597412,0.07391688226952163,0.7299483557132969,0.00569625940103617,0.564168759792201,0.0043668687019290985,0.6364401437231633,0.004942131162271224,0.37744888531713655,0.004205869705508155,0.6325499641787258,0.00499513235447387,0.44834457873427774,0.0017861691937317706,0.9290519877675841,0.009503225548687846
PBMC,Isomap,0.3105886538823446,0.009311987394373195,0.15463475226416834,0.0010747517103324696,0.14274051191133347,0.0007925655767106979,0.14844809375347745,0.0007794653767062259,0.075966370830544,0.002203221525090453,0.1385434392713688,0.0007956821005669495,0.6360007127126058,0.0034625163423386294,0.5309633027522936,0.012192394061409574
PBMC,MDS,3.871455105145772,0.9218209437141666,0.05757904421739754,0.009911083012856595,0.044463276113532776,0.007649034085482336,0.05017825740910572,0.008634361966922815,0.04040899086689922,0.005198780462451243,0.0400189081558233,0.008727106451939616,0.35446124214039715,0.00045632612507669304,0.443348623853211,0.02017692438845962
PBMC,PHATE,1.146151884396871,0.16494026988725366,0.7249523743636507,0.011328746402540344,0.6896109049034195,0.029035735565664706,0.7064547795939119,0.015402431238039324,0.6520443862600913,0.0544194641499698,0.7029948568766039,0.015525004990644986,0.4519065155794081,0.027586105139376198,0.8839449541284403,0.01282820916603854
PBMC,UMAP,2.7096704324086507,0.011028918205570488,0.13951034941113996,0.01825289812440661,0.10960720521789807,0.01434767636141322,0.12276319211003281,0.016062381494441936,0.0881300085344677,0.014252223202708846,0.11330532415968385,0.016234204106569134,0.3434163173039754,0.012642985523350208,0.5419724770642202,0.017301986213018285
PBMC,t-SNE,2.7622657696406048,0.14025389207842287,0.514402793404603,0.019679648628669794,0.4096337042083488,0.015769080312328234,0.4560738933766439,0.017441205270466515,0.3534925552021277,0.025102433229318714,0.4501694088777811,0.017629409829719417,0.3493065615495046,0.009730518125463607,0.7753822629969419,0.012561481303205339
Tree,DTNE,7.387448191642761,2.008936595907009,0.6762510297728027,0.07348115756629943,0.6962777521301514,0.069731456545304,0.6860631004844512,0.07151224640936765,0.5668167215576367,0.10785673252449686,0.6854259230693719,0.07166020529727965,0.5613957016805299,0.026529284833739966,0.9827474747474748,0.007930436503913708
Tree,Diffusion Maps,13.544097590446473,0.7203638587557181,0.6496905663386904,0.045511333829561317,0.6981299943504512,0.032836118067465496,0.6726207438476055,0.03713219940016685,0.515472742818297,0.07111550010832939,0.6719416389540066,0.03721832672112572,0.6646075727612474,0.0397428734404713,0.9709090909090909,0.023178317736550297
Tree,EntroPath,7.175326164563497,1.505296245016399,0.7066598256642359,0.049499258094275536,0.728466308133274,0.04466778727427368,0.7173652801802347,0.04703104901576742,0.6081101082547633,0.07162593560159924,0.7167915415034077,0.04712909335552419,0.5810411772724717,0.028206963212278842,0.9796767676767677,0.008013056274283793
Tree,HeatGeo,5.1792768955230715,0.21839192327660392,0.6362759256349119,0.08404682448659347,0.6449497348393337,0.08590857677440952,0.6405747365733394,0.08493796034431748,0.5313373867958845,0.11493030701027415,0.6398521696928046,0.0851081156730239,0.4883155788597512,0.02095719166337509,0.9838383838383838,0.006305066252111516
Tree,Isomap,0.555066990852356,0.03454804410097864,0.6067456218367719,0.0383603638876804,0.6572079779953174,0.03991899638116021,0.6307373590411879,0.03717577503192109,0.45093250403810325,0.05414719558505605,0.629969794902591,0.03725378712652228,0.5956159228563306,0.03209589006828463,0.9568888888888889,0.03389859218313593
Tree,MDS,31.914416948954266,5.024755096954525,0.6536480958950138,0.06722746816231165,0.6746282119164461,0.062428027257758006,0.6638978965475556,0.06464806581345242,0.5574445604597871,0.09617040032986784,0.6632148984894942,0.06478248780362603,0.4957633169245861,0.03496065696469259,0.9436767676767677,0.018524758350491444
Tree,PHATE,2.8515426397323607,0.15833122059207505,0.5547102927736752,0.07743048081496538,0.5619988793587724,0.07892560634093611,0.5583251090280507,0.07814967301460361,0.42913345942343034,0.09276321050201337,0.5574373676565202,0.07830595076626658,0.4790315345052753,0.020046084343433673,0.9753939393939394,0.008512568542151457
Tree,UMAP,5.302509673436483,0.4582844220773665,0.699607737463923,0.06596249925683481,0.7209032395574428,0.05962976715918197,0.7099740073221454,0.062380566793985015,0.6096655359497115,0.0935998192871713,0.7093849257788288,0.06251049026780413,0.567207795381546,0.04880427503968135,0.9882828282828283,0.005233736456677355
Tree,t-SNE,3.0540280103683473,0.1843531240264909,0.6207824892416485,0.09226884580404963,0.6266804694636524,0.09348486515645131,0.6237118949844324,0.09285078110141065,0.5129800630534002,0.12336710016698034,0.6229569136400201,0.09303667505392194,0.41962802906831104,0.017908879189815482,0.9905858585858586,0.004360887713593442
