noise,seed,method,l1_spearman,l2_spearman
0.0,42,Euclidean,0.5211385322789022,
0.0,42,Isomap,0.8959466541544047,0.8843538614825431
0.0,42,Shortest Path,0.8959466541544047,0.9178724786019137
0.0,42,Diffusion Maps,0.5121731569823951,0.9120395599932098
0.0,42,PHATE,0.845648211160385,0.844122704113318
0.0,42,HeatGeo,0.8178887309803551,0.7966671540199529
0.0,42,DTNE,0.8938907259560712,0.9137076033497229
0.0,42,EntroPath,0.902813093073564,0.9193754998933401
0.0,43,Euclidean,0.5196590327498585,
0.0,43,Isomap,0.8258623432895127,0.758107958017297
0.0,43,Shortest Path,0.8258623432895127,0.7826497878886891
0.0,43,Diffusion Maps,0.5181048126352966,0.9178340674954595
0.0,43,PHATE,0.8077267151053005,0.78261814580188
0.0,43,HeatGeo,0.7897475638630126,0.7460144722736746
0.0,43,DTNE,0.8342208721169896,0.8113654222561731
0.0,43,EntroPath,0.8995374375821545,0.8961583219868193
0.0,44,Euclidean,0.5284045810330091,
0.0,44,Isomap,0.8399092952715098,0.798924016513512
0.0,44,Shortest Path,0.8399092952715098,0.8460000316141554
0.0,44,Diffusion Maps,0.49572157559560565,0.9081193003663995
0.0,44,PHATE,0.8121092416846561,0.8089175102145668
0.0,44,HeatGeo,0.7903678939432179,0.7855859924339047
0.0,44,DTNE,0.8140995837851358,0.8189521707557984
0.0,44,EntroPath,0.8843539045468681,0.8889115227057974
0.0,45,Euclidean,0.5194811721108302,
0.0,45,Isomap,0.8072016903549373,0.7464149123638397
0.0,45,Shortest Path,0.8072016903549373,0.7826750951767176
0.0,45,Diffusion Maps,0.5044455690931052,0.8769400932793725
0.0,45,PHATE,0.771678594566803,0.7522920152020456
0.0,45,HeatGeo,0.7626078261270275,0.7150894178290346
0.0,45,DTNE,0.8085301349270732,0.7875913907922432
0.0,45,EntroPath,0.8672805175049989,0.8601597215124079
0.0,46,Euclidean,0.5258206714520924,
0.0,46,Isomap,0.8571807796563449,0.8459968668230513
0.0,46,Shortest Path,0.8571807796563449,0.8846283011250371
0.0,46,Diffusion Maps,0.5089949436242146,0.9010795946644493
0.0,46,PHATE,0.8082151967304974,0.8334504179664908
0.0,46,HeatGeo,0.7829118118653923,0.8364475499942163
0.0,46,DTNE,0.8518051749117803,0.8812667115742557
0.0,46,EntroPath,0.8752156821676604,0.8954596319909205
0.0,47,Euclidean,0.5244545798094243,
0.0,47,Isomap,0.9541369463568121,0.9540214146187209
0.0,47,Shortest Path,0.9541369463568121,0.9629919490653736
0.0,47,Diffusion Maps,0.49094677606295645,0.9158063962694561
0.0,47,PHATE,0.882272264125306,0.898132470166014
0.0,47,HeatGeo,0.8876962034282908,0.9136713655408787
0.0,47,DTNE,0.9394279832551412,0.9444676663572027
0.0,47,EntroPath,0.9379689301129545,0.9493939490315729
0.0,48,Euclidean,0.5230810717641105,
0.0,48,Isomap,0.8528613467341779,0.8145953097194244
0.0,48,Shortest Path,0.8528613467341779,0.8549556030087117
0.0,48,Diffusion Maps,0.48071194059567324,0.89200086511499
0.0,48,PHATE,0.8157672581072819,0.8064122742722714
0.0,48,HeatGeo,0.7941111673802368,0.7574362835329077
0.0,48,DTNE,0.8271931283449534,0.8305669641322163
0.0,48,EntroPath,0.8690441927322521,0.8733688879777727
0.0,49,Euclidean,0.5190635300052429,
0.0,49,Isomap,0.8363509730826374,0.7925664379532109
0.0,49,Shortest Path,0.8363509730826374,0.841360505351775
0.0,49,Diffusion Maps,0.4785309069587346,0.9114877342229675
0.0,49,PHATE,0.8284408577464408,0.8378167051769129
0.0,49,HeatGeo,0.8066695885269963,0.799144387264954
0.0,49,DTNE,0.8512386047387234,0.8764307886706117
0.0,49,EntroPath,0.8678009498306424,0.8798829843773239
0.0,50,Euclidean,0.5211501170262308,
0.0,50,Isomap,0.8110598493563599,0.7495213358849095
0.0,50,Shortest Path,0.8110598493563599,0.781921294286032
0.0,50,Diffusion Maps,0.49249402354931227,0.9094569784366658
0.0,50,PHATE,0.7948676049931873,0.7804936075755596
0.0,50,HeatGeo,0.7771734088711023,0.7315046567600618
0.0,50,DTNE,0.8006580693785331,0.767419872328807
0.0,50,EntroPath,0.8729709969842279,0.8881467163213739
0.0,51,Euclidean,0.5366822347570183,
0.0,51,Isomap,0.8202309948960967,0.7598017146298376
0.0,51,Shortest Path,0.8202309948960967,0.7806182469139976
0.0,51,Diffusion Maps,0.46706120285818586,0.8828842357199621
0.0,51,PHATE,0.7621325196074014,0.748390275345631
0.0,51,HeatGeo,0.7605831173664912,0.7159519547416351
0.0,51,DTNE,0.7768721488544573,0.7353689757003127
0.0,51,EntroPath,0.8417512293571712,0.8331196076927354
0.0,52,Euclidean,0.5320566045567828,
0.0,52,Isomap,0.8236733319242204,0.7914023781643075
0.0,52,Shortest Path,0.8236733319242204,0.8551243242139089
0.0,52,Diffusion Maps,0.5349863513731341,0.9300223291044922
0.0,52,PHATE,0.7697756192488137,0.7921143285862151
0.0,52,HeatGeo,0.7569433702857437,0.6973099468330262
0.0,52,DTNE,0.8206786195853183,0.8567146185097053
0.0,52,EntroPath,0.8836672716275555,0.9043263037787663
0.0,53,Euclidean,0.5545506132300385,
0.0,53,Isomap,0.8149880350460516,0.7489122607692736
0.0,53,Shortest Path,0.8149880350460516,0.7711160361532118
0.0,53,Diffusion Maps,0.4784870574145932,0.9101169472746885
0.0,53,PHATE,0.7879381326992326,0.7748096961190807
0.0,53,HeatGeo,0.779529245750503,0.729105864597464
0.0,53,DTNE,0.8011898970528808,0.7635840271374427
0.0,53,EntroPath,0.8707890399343816,0.8519831735191922
0.0,54,Euclidean,0.5251359272706925,
0.0,54,Isomap,0.8481379431404893,0.7993162679357697
0.0,54,Shortest Path,0.8481379431404893,0.8350880897828795
0.0,54,Diffusion Maps,0.5006416063362013,0.9086450925147259
0.0,54,PHATE,0.8447758718270547,0.8559009977976978
0.0,54,HeatGeo,0.8148338482672268,0.8118373192437061
0.0,54,DTNE,0.9307567640254063,0.9358741730587516
0.0,54,EntroPath,0.9341190430200086,0.9470606131046004
0.0,55,Euclidean,0.5305203944780199,
0.0,55,Isomap,0.8445211215239753,0.7909591624716263
0.0,55,Shortest Path,0.8445211215239753,0.8411660060330466
0.0,55,Diffusion Maps,0.48937032710950074,0.8990632484560599
0.0,55,PHATE,0.7975608549612645,0.7832840606609611
0.0,55,HeatGeo,0.7844198758906481,0.7458238469407377
0.0,55,DTNE,0.813279969511783,0.801589132689468
0.0,55,EntroPath,0.8651219884356595,0.8694296651050751
0.0,56,Euclidean,0.5149348992912374,
0.0,56,Isomap,0.8512833857965019,0.813963755026913
0.0,56,Shortest Path,0.8512833857965019,0.8655076071609378
0.0,56,Diffusion Maps,0.5128192732349659,0.9145826297262746
0.0,56,PHATE,0.8389908697622085,0.8558842294240214
0.0,56,HeatGeo,0.8201105796862396,0.8676620561977686
0.0,56,DTNE,0.8491428244430024,0.8822464782203415
0.0,56,EntroPath,0.8858662517617669,0.8992807224100038
0.0,57,Euclidean,0.5313002926418164,
0.0,57,Isomap,0.8296012095199253,0.7673323350098474
0.0,57,Shortest Path,0.8296012095199253,0.8102755390165053
0.0,57,Diffusion Maps,0.49243272108351477,0.9136285819734192
0.0,57,PHATE,0.8088099430608698,0.8049406584470914
0.0,57,HeatGeo,0.7966203509517522,0.7619945779834362
0.0,57,DTNE,0.8074770172939323,0.7890695198823137
0.0,57,EntroPath,0.8743466651952103,0.871508828894928
0.0,58,Euclidean,0.5312211908566896,
0.0,58,Isomap,0.844199203596543,0.7889884955195317
0.0,58,Shortest Path,0.844199203596543,0.8306078232209199
0.0,58,Diffusion Maps,0.5249379159745038,0.8983236695675166
0.0,58,PHATE,0.825734170051993,0.8337462841277997
0.0,58,HeatGeo,0.8087324367469021,0.7815393791242469
0.0,58,DTNE,0.8723053710796842,0.8988139410981768
0.0,58,EntroPath,0.8872642345617254,0.9038251844683605
0.0,59,Euclidean,0.5341162858148293,
0.0,59,Isomap,0.8211230690653135,0.7587074509634698
0.0,59,Shortest Path,0.8211230690653135,0.777799276470067
0.0,59,Diffusion Maps,0.4924443415206102,0.9038519316084469
0.0,59,PHATE,0.8055854940593421,0.7930537371140527
0.0,59,HeatGeo,0.7924710568655199,0.7532905146236782
0.0,59,DTNE,0.8270859495145471,0.8085896767174879
0.0,59,EntroPath,0.8721660377335816,0.8630806177773572
0.0,60,Euclidean,0.53686738882955,
0.0,60,Isomap,0.7953817582852989,0.7148007621490926
0.0,60,Shortest Path,0.7953817582852989,0.7630849082852237
0.0,60,Diffusion Maps,0.5116819529802439,0.9069306427470493
0.0,60,PHATE,0.783204110045263,0.7703327554843488
0.0,60,HeatGeo,0.7641098925018066,0.7100571161864717
0.0,60,DTNE,0.8150400480337767,0.8491666857610488
0.0,60,EntroPath,0.8894179053212794,0.9083953490499005
0.0,61,Euclidean,0.5342374537080854,
0.0,61,Isomap,0.8338730904003053,0.8061782069961408
0.0,61,Shortest Path,0.8338730904003053,0.8461983044945898
0.0,61,Diffusion Maps,0.47741666173026454,0.8940536971361057
0.0,61,PHATE,0.8029517256113042,0.8156729919794732
0.0,61,HeatGeo,0.7860878840861872,0.7808283480268664
0.0,61,DTNE,0.7966701502853529,0.8035909775999112
0.0,61,EntroPath,0.8490706714618571,0.8629044715293083
0.0,62,Euclidean,0.5256731719470847,
0.0,62,Isomap,0.8016473544452408,0.7268579272091001
0.0,62,Shortest Path,0.8016473544452408,0.747313068063311
0.0,62,Diffusion Maps,0.4887539771544932,0.9150737808431244
0.0,62,PHATE,0.8129807140417056,0.7971184579609626
0.0,62,HeatGeo,0.7864707930136241,0.7346728984251887
0.0,62,DTNE,0.86507283964655,0.8935393229219716
0.0,62,EntroPath,0.8887507909337553,0.9134603089375019
0.0,63,Euclidean,0.526869052833474,
0.0,63,Isomap,0.8255733579868013,0.7561784937431179
0.0,63,Shortest Path,0.8255733579868013,0.7790674491645224
0.0,63,Diffusion Maps,0.4846734255528665,0.9087612328559176
0.0,63,PHATE,0.8050933620902043,0.7780257951438182
0.0,63,HeatGeo,0.7903362431440948,0.7470880227103042
0.0,63,DTNE,0.8509775123748061,0.8499079011247366
0.0,63,EntroPath,0.883206731283059,0.8849533542522012
0.0,64,Euclidean,0.5408876698018679,
0.0,64,Isomap,0.779740721363685,0.7007183983831256
0.0,64,Shortest Path,0.779740721363685,0.7420592361728914
0.0,64,Diffusion Maps,0.503741012921626,0.8905995531046306
0.0,64,PHATE,0.7386106319593733,0.7073959313342858
0.0,64,HeatGeo,0.7355007376143028,0.6746274646437334
0.0,64,DTNE,0.7817167638579049,0.7457609933885863
0.0,64,EntroPath,0.8709314928905895,0.862716229385714
0.0,65,Euclidean,0.5310016884440719,
0.0,65,Isomap,0.8193505525405347,0.7664116848349101
0.0,65,Shortest Path,0.8193505525405347,0.7890794788550433
0.0,65,Diffusion Maps,0.5058287882259448,0.9154035548990712
0.0,65,PHATE,0.7928318605045767,0.7842923190236261
0.0,65,HeatGeo,0.779904882698857,0.7367465351294266
0.0,65,DTNE,0.8072528333566183,0.7842531343539639
0.0,65,EntroPath,0.8519315487105416,0.86511401904631
0.0,66,Euclidean,0.5307168082727551,
0.0,66,Isomap,0.8179282881590947,0.7810596599801403
0.0,66,Shortest Path,0.8179282881590947,0.840864234945551
0.0,66,Diffusion Maps,0.4917838583345728,0.9054654415015316
0.0,66,PHATE,0.8114427752975588,0.8429095251995368
0.0,66,HeatGeo,0.7912108608192986,0.8513641675229507
0.0,66,DTNE,0.8688360133655417,0.8911182785394198
0.0,66,EntroPath,0.8689200404894641,0.8891036357067423
0.0,67,Euclidean,0.5190373237474594,
0.0,67,Isomap,0.8201204945062622,0.7628509643492919
0.0,67,Shortest Path,0.8201204945062622,0.7987879669414287
0.0,67,Diffusion Maps,0.5137906956503777,0.8965912056726563
0.0,67,PHATE,0.7888284563032268,0.7809033864492307
0.0,67,HeatGeo,0.7745292686373219,0.7470035697773812
0.0,67,DTNE,0.7977278720381211,0.7924841549919104
0.0,67,EntroPath,0.8400000230009901,0.8169808791828348
0.0,68,Euclidean,0.5349956026046057,
0.0,68,Isomap,0.8385757768659104,0.7714731861238427
0.0,68,Shortest Path,0.8385757768659104,0.8017885030600886
0.0,68,Diffusion Maps,0.5004310533434887,0.8885432296418481
0.0,68,PHATE,0.8055264512075858,0.7879167198208715
0.0,68,HeatGeo,0.7906359936079151,0.7483780050250352
0.0,68,DTNE,0.8086843441247651,0.7702733656325159
0.0,68,EntroPath,0.8838366537390319,0.8825397866989051
0.0,69,Euclidean,0.5318464311419975,
0.0,69,Isomap,0.8111784913485273,0.7470909698993642
0.0,69,Shortest Path,0.8111784913485273,0.775189793418481
0.0,69,Diffusion Maps,0.4940359666762811,0.8879693650210991
0.0,69,PHATE,0.777372103991936,0.754384772260755
0.0,69,HeatGeo,0.7691332563841982,0.7183484624662182
0.0,69,DTNE,0.7813397328867137,0.7345093054222307
0.0,69,EntroPath,0.8646744456282196,0.8567725434887115
0.0,70,Euclidean,0.5163962604425336,
0.0,70,Isomap,0.8850675426977754,0.8915662013221326
0.0,70,Shortest Path,0.8850675426977754,0.9172196690071763
0.0,70,Diffusion Maps,0.521540347365124,0.9092732941035083
0.0,70,PHATE,0.8592640534689268,0.8740942705684674
0.0,70,HeatGeo,0.8594495406997794,0.8954525627753818
0.0,70,DTNE,0.8742331276126051,0.9001689243525667
0.0,70,EntroPath,0.8943710000691037,0.9174968779419742
0.0,71,Euclidean,0.5256321226326377,
0.0,71,Isomap,0.8195846934683559,0.7571084264174129
0.0,71,Shortest Path,0.8195846934683559,0.7907782273719445
0.0,71,Diffusion Maps,0.4791516181469114,0.8854175471917641
0.0,71,PHATE,0.7871548226763533,0.7635097972747635
0.0,71,HeatGeo,0.7746437526931635,0.7286427928926927
0.0,71,DTNE,0.7924550441098929,0.7466838666232516
0.0,71,EntroPath,0.8689044731735239,0.8522382773721696
0.05,42,Euclidean,0.5211536131038492,
0.05,42,Isomap,0.842856087020988,0.7771819489391844
0.05,42,Shortest Path,0.842856087020988,0.8372479066154699
0.05,42,Diffusion Maps,0.5145375038667983,0.9120213549312194
0.05,42,PHATE,0.8431755099591839,0.8405969995500755
0.05,42,HeatGeo,0.8147931146917303,0.7914964697228495
0.05,42,DTNE,0.8975186023274401,0.9171280016306953
0.05,42,EntroPath,0.9095061260795564,0.9244713421936194
0.05,43,Euclidean,0.519673921874601,
0.05,43,Isomap,0.8255811294092994,0.7583168555005732
0.05,43,Shortest Path,0.8255811294092994,0.7805891231524172
0.05,43,Diffusion Maps,0.5204283791925993,0.9181388540508993
0.05,43,PHATE,0.8125164018713563,0.7886800771384191
0.05,43,HeatGeo,0.7924938846450252,0.7502752659678188
0.05,43,DTNE,0.8311914208485625,0.8073558458869075
0.05,43,EntroPath,0.8895344496249626,0.8825946493517028
0.05,44,Euclidean,0.5284033086753589,
0.05,44,Isomap,0.8368756147878745,0.7950311168812635
0.05,44,Shortest Path,0.8368756147878745,0.8424963019182264
0.05,44,Diffusion Maps,0.49252785736111304,0.9015213080399058
0.05,44,PHATE,0.8092003365346339,0.8053569188430552
0.05,44,HeatGeo,0.7878574153518201,0.7825854346114499
0.05,44,DTNE,0.8135968654071782,0.819435357967272
0.05,44,EntroPath,0.8837245821634542,0.8852931457538079
0.05,45,Euclidean,0.5194213699237007,
0.05,45,Isomap,0.8061630814874404,0.7459247977982987
0.05,45,Shortest Path,0.8061630814874404,0.7798237548917102
0.05,45,Diffusion Maps,0.501055082144676,0.8665553592231553
0.05,45,PHATE,0.7755716879182836,0.7567435667323152
0.05,45,HeatGeo,0.7651683001177767,0.7190803829234437
0.05,45,DTNE,0.800681037849255,0.7691864811121778
0.05,45,EntroPath,0.8582065110903803,0.848125232299333
0.05,46,Euclidean,0.5258717130449609,
0.05,46,Isomap,0.8573638469557603,0.8467960238001886
0.05,46,Shortest Path,0.8573638469557603,0.8844174037101133
0.05,46,Diffusion Maps,0.5115775571231562,0.9003917925914912
0.05,46,PHATE,0.8202461746496371,0.8481673566265117
0.05,46,HeatGeo,0.7992335511704802,0.8643096981230856
0.05,46,DTNE,0.8494640715072251,0.8781607517054324
0.05,46,EntroPath,0.878188389994547,0.897263989647226
0.05,47,Euclidean,0.5244731446834529,
0.05,47,Isomap,0.9382593518012762,0.9417334651349699
0.05,47,Shortest Path,0.9382593518012762,0.9519182372928207
0.05,47,Diffusion Maps,0.49198634502085886,0.9156758729447306
0.05,47,PHATE,0.8740984561785399,0.8901851026211305
0.05,47,HeatGeo,0.8734949873292503,0.9048978124099588
0.05,47,DTNE,0.9398113717361685,0.9449367200139108
0.05,47,EntroPath,0.9401678335549156,0.9506487386305766
0.05,48,Euclidean,0.5230501579145429,
0.05,48,Isomap,0.8538698801330096,0.8158379217025932
0.05,48,Shortest Path,0.8538698801330096,0.856149034726072
0.05,48,Diffusion Maps,0.4810751555004229,0.8896304594722287
0.05,48,PHATE,0.8139086848191364,0.8030195485775921
0.05,48,HeatGeo,0.7925386422332787,0.7529112582958146
0.05,48,DTNE,0.82569981543174,0.8277506560585097
0.05,48,EntroPath,0.8661298000013521,0.871425620654171
0.05,49,Euclidean,0.5190628017402096,
0.05,49,Isomap,0.8351825691734757,0.7918318802697146
0.05,49,Shortest Path,0.8351825691734757,0.840866880896905
0.05,49,Diffusion Maps,0.48026852021356026,0.9120093139677948
0.05,49,PHATE,0.8301411503702302,0.8422211153174185
0.05,49,HeatGeo,0.8089287754635577,0.8102646576959653
0.05,49,DTNE,0.8611753839517358,0.8887868700078267
0.05,49,EntroPath,0.8750659050576646,0.8945182870309029
0.05,50,Euclidean,0.5211387207425034,
0.05,50,Isomap,0.8101189671660154,0.7474816399671308
0.05,50,Shortest Path,0.8101189671660154,0.7799175640387763
0.05,50,Diffusion Maps,0.4897858040904837,0.9057614370826554
0.05,50,PHATE,0.7918870940785709,0.7776597735940043
0.05,50,HeatGeo,0.7743575834343599,0.730360398063897
0.05,50,DTNE,0.7957827922955472,0.7562938994099152
0.05,50,EntroPath,0.8643897394372864,0.8902146778269014
0.05,51,Euclidean,0.5367129794950029,
0.05,51,Isomap,0.821769292876168,0.7627443419119471
0.05,51,Shortest Path,0.821769292876168,0.7815987072267365
0.05,51,Diffusion Maps,0.4667829555175486,0.8857166555297169
0.05,51,PHATE,0.7648052645519459,0.7499102048231324
0.05,51,HeatGeo,0.7619959648953607,0.7183283371813536
0.05,51,DTNE,0.7794244275072972,0.7360782360827561
0.05,51,EntroPath,0.8497198081728552,0.8113320128660427
0.05,52,Euclidean,0.5320629443528071,
0.05,52,Isomap,0.766861525106397,0.6528345308570201
0.05,52,Shortest Path,0.766861525106397,0.6500762191726495
0.05,52,Diffusion Maps,0.5352402777214433,0.9293958962341532
0.05,52,PHATE,0.766268463000269,0.7795191769826356
0.05,52,HeatGeo,0.7539153329104492,0.6875313209382469
0.05,52,DTNE,0.8391662939765678,0.8719030154461616
0.05,52,EntroPath,0.8875765366692355,0.9072564310090482
0.05,53,Euclidean,0.5545461985730102,
0.05,53,Isomap,0.8157676719658629,0.7495509465055351
0.05,53,Shortest Path,0.8157676719658629,0.7715981193089039
0.05,53,Diffusion Maps,0.4823988421718367,0.9097360022308453
0.05,53,PHATE,0.7949132635829927,0.7859579864722153
0.05,53,HeatGeo,0.7849242037212301,0.7391056171884742
0.05,53,DTNE,0.8064577578759351,0.7748686086436612
0.05,53,EntroPath,0.8665839923535342,0.8379313969987997
0.05,54,Euclidean,0.5251705904754179,
0.05,54,Isomap,0.8691223367982791,0.845536586883532
0.05,54,Shortest Path,0.8691223367982791,0.8824636940557365
0.05,54,Diffusion Maps,0.5022175957565871,0.9097223745881952
0.05,54,PHATE,0.8409114279677378,0.8560775146875239
0.05,54,HeatGeo,0.8123801061934872,0.8288385053134675
0.05,54,DTNE,0.8826384894564401,0.9002207773428756
0.05,54,EntroPath,0.9111078128268338,0.9229658534620164
0.05,55,Euclidean,0.5304612812186874,
0.05,55,Isomap,0.8215067156919301,0.755564837457768
0.05,55,Shortest Path,0.8215067156919301,0.7951744408442961
0.05,55,Diffusion Maps,0.486158991947926,0.897820490092644
0.05,55,PHATE,0.7981935041755112,0.7843487531671242
0.05,55,HeatGeo,0.7845441524395833,0.7468432533646703
0.05,55,DTNE,0.8123822435639743,0.8026419265060458
0.05,55,EntroPath,0.8622269904531846,0.8658892677675175
0.05,56,Euclidean,0.5149164287181128,
0.05,56,Isomap,0.850237079872519,0.8118613218809105
0.05,56,Shortest Path,0.850237079872519,0.8638420198898249
0.05,56,Diffusion Maps,0.514187471658502,0.9140723410977262
0.05,56,PHATE,0.8417664096177219,0.858110374130008
0.05,56,HeatGeo,0.8226993313113015,0.8677488232945302
0.05,56,DTNE,0.8455054362501965,0.8770221253021406
0.05,56,EntroPath,0.8816992601961642,0.897310335596477
0.05,57,Euclidean,0.5313558257221703,
0.05,57,Isomap,0.8292824718560482,0.7673986579310678
0.05,57,Shortest Path,0.8292824718560482,0.8096994705243012
0.05,57,Diffusion Maps,0.4946154956877839,0.9146295265846137
0.05,57,PHATE,0.8075633446926167,0.8027920283925748
0.05,57,HeatGeo,0.7957869312516619,0.7602151003917876
0.05,57,DTNE,0.8075814751850401,0.7867031527775901
0.05,57,EntroPath,0.8735744473933664,0.8683656519190527
0.05,58,Euclidean,0.5311865051166725,
0.05,58,Isomap,0.8569412254423008,0.8149603535882056
0.05,58,Shortest Path,0.8569412254423008,0.855722329857872
0.05,58,Diffusion Maps,0.5207955563389803,0.8966727481518537
0.05,58,PHATE,0.8262900796321585,0.8346666143972888
0.05,58,HeatGeo,0.8098250622969143,0.7855014638009696
0.05,58,DTNE,0.871438939945949,0.8971443881144778
0.05,58,EntroPath,0.8857214921552369,0.9030587237702937
0.05,59,Euclidean,0.5340874680200461,
0.05,59,Isomap,0.8181851951508788,0.75627742665552
0.05,59,Shortest Path,0.8181851951508788,0.7730398284690394
0.05,59,Diffusion Maps,0.4961135666346687,0.9019959303668352
0.05,59,PHATE,0.8034988313931742,0.789534522542803
0.05,59,HeatGeo,0.7910369858900922,0.7500370011559835
0.05,59,DTNE,0.82026690524166,0.7869296091844722
0.05,59,EntroPath,0.8742175876361605,0.8594152768065716
0.05,60,Euclidean,0.5368440184694451,
0.05,60,Isomap,0.7956520933514806,0.7184221125089573
0.05,60,Shortest Path,0.7956520933514806,0.7618426172433065
0.05,60,Diffusion Maps,0.5168077460186551,0.903732574556798
0.05,60,PHATE,0.7813152161456104,0.7655209981792698
0.05,60,HeatGeo,0.7614896551316199,0.7052889899266451
0.05,60,DTNE,0.8758863669206977,0.8918986779418239
0.05,60,EntroPath,0.9121621394743918,0.9291214286167108
0.05,61,Euclidean,0.5342298126728531,
0.05,61,Isomap,0.8333133052239334,0.8052494961504777
0.05,61,Shortest Path,0.8333133052239334,0.8451089184855191
0.05,61,Diffusion Maps,0.47759451823734694,0.8961433758959061
0.05,61,PHATE,0.8014195076682485,0.8122452351941738
0.05,61,HeatGeo,0.7833363900508814,0.7730063355206133
0.05,61,DTNE,0.8025954071465163,0.813550621908552
0.05,61,EntroPath,0.8528228205288833,0.8669737806170353
0.05,62,Euclidean,0.5257014315686372,
0.05,62,Isomap,0.8011277947111695,0.7261407974107175
0.05,62,Shortest Path,0.8011277947111695,0.7465002203158637
0.05,62,Diffusion Maps,0.48346387015579867,0.9147248952591913
0.05,62,PHATE,0.8113909459151498,0.7946735445913649
0.05,62,HeatGeo,0.7865031267428009,0.7353828100228794
0.05,62,DTNE,0.8675016124233289,0.8960289943064627
0.05,62,EntroPath,0.8851475820042155,0.9109951683364206
0.05,63,Euclidean,0.5268282065679988,
0.05,63,Isomap,0.8192592597807914,0.7537512584272618
0.05,63,Shortest Path,0.8192592597807914,0.7838598279297307
0.05,63,Diffusion Maps,0.4865970355109988,0.9073263242830125
0.05,63,PHATE,0.8084767047915851,0.7831038541462924
0.05,63,HeatGeo,0.7930694024760128,0.752470450613445
0.05,63,DTNE,0.8504092079275374,0.8501668776152341
0.05,63,EntroPath,0.8833974556031772,0.8811698683658646
0.05,64,Euclidean,0.5408503308118023,
0.05,64,Isomap,0.7756269310871653,0.6954846190264802
0.05,64,Shortest Path,0.7756269310871653,0.7356794232837139
0.05,64,Diffusion Maps,0.5065846961987001,0.8888465406877614
0.05,64,PHATE,0.7345288711615567,0.701916295855886
0.05,64,HeatGeo,0.7335722141806639,0.6716621632062278
0.05,64,DTNE,0.7784337468877082,0.7408161325009353
0.05,64,EntroPath,0.8618172752066725,0.8355789637994674
0.05,65,Euclidean,0.5309574778883437,
0.05,65,Isomap,0.8177944023295433,0.7654050079724548
0.05,65,Shortest Path,0.8177944023295433,0.786793429783961
0.05,65,Diffusion Maps,0.5087770208152125,0.9173892235900233
0.05,65,PHATE,0.7978859535037791,0.792716637226271
0.05,65,HeatGeo,0.786043853786503,0.7498518202156634
0.05,65,DTNE,0.8134005880417687,0.8024164552088358
0.05,65,EntroPath,0.8630957542660219,0.8705089039301933
0.05,66,Euclidean,0.5307447791433255,
0.05,66,Isomap,0.8173858439850556,0.7801518928405645
0.05,66,Shortest Path,0.8173858439850556,0.8403402266733969
0.05,66,Diffusion Maps,0.4933044548250101,0.9052846787057195
0.05,66,PHATE,0.8192080270187647,0.8475072345046398
0.05,66,HeatGeo,0.7954020753139335,0.8541393237729976
0.05,66,DTNE,0.8677904028756122,0.8900073728538443
0.05,66,EntroPath,0.8647005016464688,0.8863022488226097
0.05,67,Euclidean,0.5189928286350383,
0.05,67,Isomap,0.8239834132802136,0.7648961349631272
0.05,67,Shortest Path,0.8239834132802136,0.8043694179777577
0.05,67,Diffusion Maps,0.51198668554848,0.8958089303856133
0.05,67,PHATE,0.7875914338024869,0.7780474588517984
0.05,67,HeatGeo,0.7737264432471492,0.7430239060160713
0.05,67,DTNE,0.7921595369231164,0.7845834140268332
0.05,67,EntroPath,0.8208983605595961,0.776056983081631
0.05,68,Euclidean,0.5349764814892433,
0.05,68,Isomap,0.8376848558430868,0.7700638708858935
0.05,68,Shortest Path,0.8376848558430868,0.8000896352290261
0.05,68,Diffusion Maps,0.4942049475511029,0.8887018933160276
0.05,68,PHATE,0.8096416095014475,0.7911185276294304
0.05,68,HeatGeo,0.793911342101982,0.7506243666705725
0.05,68,DTNE,0.808014507699796,0.7700398952381597
0.05,68,EntroPath,0.8894118251550701,0.8819837906933948
0.05,69,Euclidean,0.5317999020035544,
0.05,69,Isomap,0.8109015617230538,0.7465964253192663
0.05,69,Shortest Path,0.8109015617230538,0.7749580459478989
0.05,69,Diffusion Maps,0.494911776500112,0.886877482980229
0.05,69,PHATE,0.7750333266227709,0.7525466729348159
0.05,69,HeatGeo,0.765952927500537,0.7149632303095993
0.05,69,DTNE,0.7787745758006631,0.7320512402289734
0.05,69,EntroPath,0.8585123294259742,0.847343419043606
0.05,70,Euclidean,0.5163561320239701,
0.05,70,Isomap,0.8828268554945642,0.8894496611496441
0.05,70,Shortest Path,0.8828268554945642,0.9156689325225676
0.05,70,Diffusion Maps,0.5200368900456235,0.9098887048343993
0.05,70,PHATE,0.8604603000043567,0.8742349936477248
0.05,70,HeatGeo,0.8489874603623133,0.8914041048745094
0.05,70,DTNE,0.8730199735227975,0.898449305483072
0.05,70,EntroPath,0.8961809758625559,0.9187403581009724
0.05,71,Euclidean,0.5256532619507952,
0.05,71,Isomap,0.8115829651304632,0.7471197088717032
0.05,71,Shortest Path,0.8115829651304632,0.7803023123791627
0.05,71,Diffusion Maps,0.4796386497550577,0.8865390727713707
0.05,71,PHATE,0.7860454662631616,0.7615311962723105
0.05,71,HeatGeo,0.7733489056622906,0.725303828073947
0.05,71,DTNE,0.792689016744859,0.7480695061997967
0.05,71,EntroPath,0.866989285377674,0.845875987380327
0.1,42,Euclidean,0.5211516823043655,
0.1,42,Isomap,0.8315889083070065,0.7645441325369892
0.1,42,Shortest Path,0.8315889083070065,0.8051651584546028
0.1,42,Diffusion Maps,0.5137448518966692,0.9108847785078726
0.1,42,PHATE,0.8401752646931574,0.8359144171297362
0.1,42,HeatGeo,0.8107993110819676,0.7841721923093681
0.1,42,DTNE,0.8511997364447991,0.8682636513068849
0.1,42,EntroPath,0.8637298298885627,0.8347643958953952
0.1,43,Euclidean,0.5196730042205788,
0.1,43,Isomap,0.8240155353968276,0.7564448788493346
0.1,43,Shortest Path,0.8240155353968276,0.7784772124695982
0.1,43,Diffusion Maps,0.5187535175966361,0.9157097016774153
0.1,43,PHATE,0.8039637114247815,0.7800144058703526
0.1,43,HeatGeo,0.7851090976253893,0.7404486134283359
0.1,43,DTNE,0.8180181496972211,0.7824611536661724
0.1,43,EntroPath,0.8803341001461692,0.8625001657525461
0.1,44,Euclidean,0.5283845407508558,
0.1,44,Isomap,0.8304385887651033,0.7885211210732996
0.1,44,Shortest Path,0.8304385887651033,0.8343828832404191
0.1,44,Diffusion Maps,0.48983450214822133,0.9000329291980826
0.1,44,PHATE,0.8033880315285271,0.7984927531445903
0.1,44,HeatGeo,0.7809482217835646,0.7776986466987248
0.1,44,DTNE,0.8043214118996437,0.8077076712921025
0.1,44,EntroPath,0.8792755304604254,0.8813787520209054
0.1,45,Euclidean,0.5193453204087028,
0.1,45,Isomap,0.8019266479621193,0.7408754741026669
0.1,45,Shortest Path,0.8019266479621193,0.7721715638727774
0.1,45,Diffusion Maps,0.4988622935416657,0.8652932562189504
0.1,45,PHATE,0.7683357573569067,0.7476892668075781
0.1,45,HeatGeo,0.7608196741891968,0.7124875368329812
0.1,45,DTNE,0.7950860007614212,0.7630895263758005
0.1,45,EntroPath,0.8535375571592103,0.8416097326651314
0.1,46,Euclidean,0.5259062837372139,
0.1,46,Isomap,0.8557646715294585,0.8448198811838352
0.1,46,Shortest Path,0.8557646715294585,0.8829733475559102
0.1,46,Diffusion Maps,0.5165754969444182,0.9015982306896692
0.1,46,PHATE,0.831588756995615,0.8570379470951693
0.1,46,HeatGeo,0.8155560046599877,0.8722823795846874
0.1,46,DTNE,0.8487219496557589,0.8770207611433345
0.1,46,EntroPath,0.8778808120847211,0.8975434285325848
0.1,47,Euclidean,0.5244769088192746,
0.1,47,Isomap,0.8925857291265754,0.9001171938544349
0.1,47,Shortest Path,0.8925857291265754,0.9222721969978984
0.1,47,Diffusion Maps,0.4923288440676795,0.915414341591216
0.1,47,PHATE,0.8693782631698733,0.8849558715348667
0.1,47,HeatGeo,0.8683639933991021,0.9013814088177724
0.1,47,DTNE,0.9371239927739753,0.9439147213854676
0.1,47,EntroPath,0.9363251328284263,0.9474215612746315
0.1,48,Euclidean,0.522997930342048,
0.1,48,Isomap,0.8561672117740552,0.8186880309741958
0.1,48,Shortest Path,0.8561672117740552,0.858739930764932
0.1,48,Diffusion Maps,0.4840234427724373,0.8936692230206695
0.1,48,PHATE,0.8144184066537773,0.8033792611493435
0.1,48,HeatGeo,0.7922233504011766,0.7539353008208309
0.1,48,DTNE,0.8287025609711763,0.8335836440750406
0.1,48,EntroPath,0.867948341459769,0.8705766827445256
0.1,49,Euclidean,0.5190435444922161,
0.1,49,Isomap,0.8337771109338454,0.7910115222288322
0.1,49,Shortest Path,0.8337771109338454,0.8395623441217607
0.1,49,Diffusion Maps,0.4826332579300161,0.9063354160766571
0.1,49,PHATE,0.8304234656817898,0.8431933847208891
0.1,49,HeatGeo,0.8093174344462021,0.8127012727512406
0.1,49,DTNE,0.8202681094195747,0.8328704558833472
0.1,49,EntroPath,0.856082474637469,0.8557031885086688
0.1,50,Euclidean,0.5211103207692436,
0.1,50,Isomap,0.8074692333937239,0.7438498697441814
0.1,50,Shortest Path,0.8074692333937239,0.7742387639728273
0.1,50,Diffusion Maps,0.4874440417746412,0.8974594567283642
0.1,50,PHATE,0.7891939197594293,0.77398384815606
0.1,50,HeatGeo,0.772897400538858,0.7267419407391383
0.1,50,DTNE,0.7873767084570814,0.7398622873831812
0.1,50,EntroPath,0.8446601714243008,0.8208364761645088
0.1,51,Euclidean,0.5367288448360817,
0.1,51,Isomap,0.8143364902398647,0.75485171689223
0.1,51,Shortest Path,0.8143364902398647,0.7752966364225657
0.1,51,Diffusion Maps,0.4670978176317889,0.8897151308364394
0.1,51,PHATE,0.763843420732138,0.7473958670018193
0.1,51,HeatGeo,0.7555720037045549,0.7105296173334416
0.1,51,DTNE,0.7796256752775789,0.7352313974825252
0.1,51,EntroPath,0.8467025586148932,0.8036800153432573
0.1,52,Euclidean,0.5320550329075949,
0.1,52,Isomap,0.755073772135317,0.6430727631165434
0.1,52,Shortest Path,0.755073772135317,0.6648089385097955
0.1,52,Diffusion Maps,0.5322121070016991,0.925614564662211
0.1,52,PHATE,0.748412782208672,0.7476968438566131
0.1,52,HeatGeo,0.7423875001314473,0.6636782902622483
0.1,52,DTNE,0.7776816852262468,0.8148397593992193
0.1,52,EntroPath,0.8707367227630332,0.8962209403560639
0.1,53,Euclidean,0.5545238779795304,
0.1,53,Isomap,0.8173458942579399,0.7501927632795378
0.1,53,Shortest Path,0.8173458942579399,0.7679149934509297
0.1,53,Diffusion Maps,0.4806639874929958,0.908048762722202
0.1,53,PHATE,0.8037962582011728,0.7978802270399464
0.1,53,HeatGeo,0.7915380566657203,0.7498083554374786
0.1,53,DTNE,0.8171368744236984,0.7823432728811854
0.1,53,EntroPath,0.8784424338678349,0.8509119818062185
0.1,54,Euclidean,0.5251883130619365,
0.1,54,Isomap,0.8637257146996923,0.8392913527078856
0.1,54,Shortest Path,0.8637257146996923,0.8771440532127927
0.1,54,Diffusion Maps,0.5019771839418209,0.9099798060929866
0.1,54,PHATE,0.8349291960146741,0.8490207285632306
0.1,54,HeatGeo,0.8039479535495977,0.8321793943615953
0.1,54,DTNE,0.8834623608673706,0.9005561016559331
0.1,54,EntroPath,0.9075643800376165,0.9199194445991766
0.1,55,Euclidean,0.5303873267099015,
0.1,55,Isomap,0.8137857253829619,0.7419691438091419
0.1,55,Shortest Path,0.8137857253829619,0.7785867145329421
0.1,55,Diffusion Maps,0.4878210610981167,0.8964424473896109
0.1,55,PHATE,0.8000244168390502,0.786911483134961
0.1,55,HeatGeo,0.7852050650475388,0.748514767420497
0.1,55,DTNE,0.7948056117247814,0.7577617641162924
0.1,55,EntroPath,0.8524963945997023,0.834288670580035
0.1,56,Euclidean,0.5148834984902362,
0.1,56,Isomap,0.8494899153713494,0.8106683071535769
0.1,56,Shortest Path,0.8494899153713494,0.8630705777896458
0.1,56,Diffusion Maps,0.5125445780142325,0.9133691361686849
0.1,56,PHATE,0.8404102691886485,0.8569293522339249
0.1,56,HeatGeo,0.8220593258130567,0.8670555165022451
0.1,56,DTNE,0.8432270568519997,0.8724930996902356
0.1,56,EntroPath,0.875759203631846,0.8989800060773631
0.1,57,Euclidean,0.5313957054998971,
0.1,57,Isomap,0.829777462429413,0.7683678067457153
0.1,57,Shortest Path,0.829777462429413,0.8140308737161375
0.1,57,Diffusion Maps,0.49765462093584334,0.9125413112164191
0.1,57,PHATE,0.8071996579363256,0.8013652907151775
0.1,57,HeatGeo,0.7952968118976907,0.7589036416766943
0.1,57,DTNE,0.8052745433332282,0.7814661900342064
0.1,57,EntroPath,0.8697393628443352,0.8618074937686562
0.1,58,Euclidean,0.5311367843944494,
0.1,58,Isomap,0.840657730860926,0.7837380912318022
0.1,58,Shortest Path,0.840657730860926,0.8249276093700003
0.1,58,Diffusion Maps,0.5190508655649148,0.8977318019595384
0.1,58,PHATE,0.8257877301210667,0.8337696433006293
0.1,58,HeatGeo,0.8106755410039855,0.7911687500386831
0.1,58,DTNE,0.87390748407462,0.9012409294932753
0.1,58,EntroPath,0.8868287026050563,0.9100610995069608
0.1,59,Euclidean,0.5340417990661999,
0.1,59,Isomap,0.8193054977331008,0.757320503121681
0.1,59,Shortest Path,0.8193054977331008,0.7743869268155099
0.1,59,Diffusion Maps,0.49642660273680395,0.8997143656573032
0.1,59,PHATE,0.8066535721682163,0.792393135479151
0.1,59,HeatGeo,0.7928339100278369,0.7519235204651876
0.1,59,DTNE,0.8148028674089298,0.7777385670500416
0.1,59,EntroPath,0.8720594237486612,0.8481586953273935
0.1,60,Euclidean,0.5368010654035726,
0.1,60,Isomap,0.8137494638881003,0.7518457242675393
0.1,60,Shortest Path,0.8137494638881003,0.7800008437799981
0.1,60,Diffusion Maps,0.5178197394801004,0.9006727179610827
0.1,60,PHATE,0.7802369899589434,0.766071788726195
0.1,60,HeatGeo,0.759180062074581,0.7018511645019208
0.1,60,DTNE,0.8485434614311662,0.8698387948313496
0.1,60,EntroPath,0.8874907136353463,0.9116076278807572
0.1,61,Euclidean,0.5342062046451154,
0.1,61,Isomap,0.8321659145909291,0.8053201307072455
0.1,61,Shortest Path,0.8321659145909291,0.8449353765043183
0.1,61,Diffusion Maps,0.4764087554460414,0.8986149115165692
0.1,61,PHATE,0.7956641040602885,0.8010646496754383
0.1,61,HeatGeo,0.7759919604163945,0.7533800656679691
0.1,61,DTNE,0.8025814019434643,0.8140182522079358
0.1,61,EntroPath,0.8521647925727128,0.8673055185423043
0.1,62,Euclidean,0.5257118763946538,
0.1,62,Isomap,0.7998794576883038,0.7266235786354138
0.1,62,Shortest Path,0.7998794576883038,0.746027883198356
0.1,62,Diffusion Maps,0.48405280763655106,0.9152487970982489
0.1,62,PHATE,0.8071848176550739,0.7902848375095958
0.1,62,HeatGeo,0.7774915110761087,0.7195479631474898
0.1,62,DTNE,0.8690715515355276,0.8966452995168757
0.1,62,EntroPath,0.8846254513044812,0.9106580764413739
0.1,63,Euclidean,0.5267686715970599,
0.1,63,Isomap,0.8243636924100189,0.7627806617069796
0.1,63,Shortest Path,0.8243636924100189,0.7933369529501988
0.1,63,Diffusion Maps,0.48192128481432916,0.9123904156041985
0.1,63,PHATE,0.8096015798447272,0.7853407078178729
0.1,63,HeatGeo,0.794096050050551,0.7544516285184635
0.1,63,DTNE,0.8408933658248043,0.8472070706884975
0.1,63,EntroPath,0.8791047821087723,0.8802938312226685
0.1,64,Euclidean,0.5407935402911667,
0.1,64,Isomap,0.7782414469930161,0.6994332490021287
0.1,64,Shortest Path,0.7782414469930161,0.7396779798254983
0.1,64,Diffusion Maps,0.5019911459040332,0.8863203419036846
0.1,64,PHATE,0.7326551705206958,0.6999674551179493
0.1,64,HeatGeo,0.7313637143361471,0.6701240857711138
0.1,64,DTNE,0.7579824082596855,0.7084958059863266
0.1,64,EntroPath,0.835639429212354,0.7836984828480306
0.1,65,Euclidean,0.5308993172607326,
0.1,65,Isomap,0.8200587882334562,0.767210255603778
0.1,65,Shortest Path,0.8200587882334562,0.788880050550801
0.1,65,Diffusion Maps,0.5107983452905132,0.9183411622718266
0.1,65,PHATE,0.8009724899702104,0.7976415836829828
0.1,65,HeatGeo,0.7887829515718822,0.7549008673856448
0.1,65,DTNE,0.8125836855379643,0.7985572094733553
0.1,65,EntroPath,0.8646645310658333,0.8744057789818332
0.1,66,Euclidean,0.530757991751882,
0.1,66,Isomap,0.8188322679357698,0.7812907628205995
0.1,66,Shortest Path,0.8188322679357698,0.8404959237599281
0.1,66,Diffusion Maps,0.49309481943749656,0.9056595099374013
0.1,66,PHATE,0.8083888662056254,0.8415847446193068
0.1,66,HeatGeo,0.7862236905569903,0.8398714056022006
0.1,66,DTNE,0.8684824270626306,0.8908226670677681
0.1,66,EntroPath,0.8737066795612523,0.8934803838856366
0.1,67,Euclidean,0.5189329520188023,
0.1,67,Isomap,0.8234066878176326,0.7648545535207545
0.1,67,Shortest Path,0.8234066878176326,0.8032758624845456
0.1,67,Diffusion Maps,0.5109832448318755,0.8981044721452319
0.1,67,PHATE,0.7872618424459978,0.7769851809621028
0.1,67,HeatGeo,0.7721584011885823,0.7402172032600386
0.1,67,DTNE,0.7949282936768686,0.7910309883515331
0.1,67,EntroPath,0.8351449203002403,0.8049124882831806
0.1,68,Euclidean,0.5349419871722648,
0.1,68,Isomap,0.8372437499245118,0.7698298801780772
0.1,68,Shortest Path,0.8372437499245118,0.7995408758335625
0.1,68,Diffusion Maps,0.49343734224920277,0.8871379604096343
0.1,68,PHATE,0.8061877286879175,0.7878432955066124
0.1,68,HeatGeo,0.792743097801153,0.7482850918079159
0.1,68,DTNE,0.8095091772868417,0.7730209142048502
0.1,68,EntroPath,0.8912392189067507,0.8872453651082298
0.1,69,Euclidean,0.5317380060585849,
0.1,69,Isomap,0.8096743446182552,0.7449299393187585
0.1,69,Shortest Path,0.8096743446182552,0.7733962102672959
0.1,69,Diffusion Maps,0.49651929219339397,0.8859812234488117
0.1,69,PHATE,0.770597314926232,0.747982165871975
0.1,69,HeatGeo,0.7618428846142292,0.7095022615677208
0.1,69,DTNE,0.7795038478788945,0.7341874620230536
0.1,69,EntroPath,0.8598593513400847,0.8623074425591175
0.1,70,Euclidean,0.5162954121715513,
0.1,70,Isomap,0.8807919101442615,0.8875478890353586
0.1,70,Shortest Path,0.8807919101442615,0.9133082015347013
0.1,70,Diffusion Maps,0.5212905014369046,0.9100920552228067
0.1,70,PHATE,0.8552479204812617,0.8680881209861688
0.1,70,HeatGeo,0.83755781235738,0.883155640175944
0.1,70,DTNE,0.8900429892649029,0.9097759562468923
0.1,70,EntroPath,0.9003065745845896,0.9203083599983176
0.1,71,Euclidean,0.525660048772885,
0.1,71,Isomap,0.8074584991347026,0.7395586037913853
0.1,71,Shortest Path,0.8074584991347026,0.7744757789562952
0.1,71,Diffusion Maps,0.48226273634414807,0.8845220057994463
0.1,71,PHATE,0.7841146730722719,0.7585389216064489
0.1,71,HeatGeo,0.7713687747199426,0.7217362607534998
0.1,71,DTNE,0.7911431799848874,0.7466938851925963
0.1,71,EntroPath,0.8663180678462354,0.8493261674162907
0.25,42,Euclidean,0.521053895668555,
0.25,42,Isomap,0.7707418248733977,0.6746633534853013
0.25,42,Shortest Path,0.7707418248733977,0.7019917071381037
0.25,42,Diffusion Maps,0.516953954188055,0.9035008060058559
0.25,42,PHATE,0.8025825456962716,0.7852667201378467
0.25,42,HeatGeo,0.7762622853979542,0.7226596585462401
0.25,42,DTNE,0.795116849921958,0.7542514913800744
0.25,42,EntroPath,0.8272455248229507,0.7651175530588118
0.25,43,Euclidean,0.5195635885149783,
0.25,43,Isomap,0.7946299231958323,0.7314193512326734
0.25,43,Shortest Path,0.7946299231958323,0.7498776334856618
0.25,43,Diffusion Maps,0.5134688087557292,0.898816526200037
0.25,43,PHATE,0.783342246327368,0.7573300870630512
0.25,43,HeatGeo,0.7710678147467128,0.7239406338093972
0.25,43,DTNE,0.7921108159695464,0.7427932379237668
0.25,43,EntroPath,0.8520469316287274,0.8130834445315752
0.25,44,Euclidean,0.5282313065203773,
0.25,44,Isomap,0.8149696164989403,0.7597923811658083
0.25,44,Shortest Path,0.8149696164989403,0.800529404962241
0.25,44,Diffusion Maps,0.48372789561447394,0.8949143556530518
0.25,44,PHATE,0.7879401662888501,0.7745644521712809
0.25,44,HeatGeo,0.764509866434719,0.7321282839280002
0.25,44,DTNE,0.8009496558834974,0.8039627926575902
0.25,44,EntroPath,0.8615464164522202,0.8733822724996132
0.25,45,Euclidean,0.5190160604964644,
0.25,45,Isomap,0.7745824336237188,0.7087404818437749
0.25,45,Shortest Path,0.7745824336237188,0.7304602655674685
0.25,45,Diffusion Maps,0.49579368742404245,0.8461991507518023
0.25,45,PHATE,0.7528628573198012,0.7285816741058218
0.25,45,HeatGeo,0.7496377663711737,0.6955270423034341
0.25,45,DTNE,0.7702559302661841,0.7174663857213893
0.25,45,EntroPath,0.8359592073544281,0.8025747023068592
0.25,46,Euclidean,0.5259095668592556,
0.25,46,Isomap,0.7984689482639218,0.7432550701987631
0.25,46,Shortest Path,0.7984689482639218,0.771558454728866
0.25,46,Diffusion Maps,0.522752466139977,0.9045735644796874
0.25,46,PHATE,0.7994600094792141,0.7990669034629928
0.25,46,HeatGeo,0.7812945271359404,0.7648318688736261
0.25,46,DTNE,0.8457548142509694,0.877264031528527
0.25,46,EntroPath,0.866827815740453,0.8967285577691249
0.25,47,Euclidean,0.5244030739942043,
0.25,47,Isomap,0.825496697257037,0.783900784189392
0.25,47,Shortest Path,0.825496697257037,0.8598300040245349
0.25,47,Diffusion Maps,0.488104465236372,0.9230332281516135
0.25,47,PHATE,0.8482113867511835,0.8606905870668068
0.25,47,HeatGeo,0.8222128786976072,0.8689125466922651
0.25,47,DTNE,0.837777392284731,0.8767993887446728
0.25,47,EntroPath,0.8721189873577931,0.8880857276055447
0.25,48,Euclidean,0.522746206260788,
0.25,48,Isomap,0.8358515237491119,0.8046502344670835
0.25,48,Shortest Path,0.8358515237491119,0.8461338091282881
0.25,48,Diffusion Maps,0.4799356667770823,0.8906975171557251
0.25,48,PHATE,0.8161417104430595,0.8111643417707353
0.25,48,HeatGeo,0.7918871602347722,0.7608452861528362
0.25,48,DTNE,0.827866395941965,0.8285001408249171
0.25,48,EntroPath,0.8664929772558954,0.8669282886292997
0.25,49,Euclidean,0.5188951812204902,
0.25,49,Isomap,0.8080532935724619,0.7473478263050445
0.25,49,Shortest Path,0.8080532935724619,0.7760324843818307
0.25,49,Diffusion Maps,0.4888498627940097,0.8962508509134448
0.25,49,PHATE,0.8093085403858086,0.8142683828077704
0.25,49,HeatGeo,0.7872059854912443,0.7745430327731433
0.25,49,DTNE,0.8105586314010715,0.8208615579997206
0.25,49,EntroPath,0.8558899070278384,0.8755471050239836
0.25,50,Euclidean,0.5209227393591691,
0.25,50,Isomap,0.8008880416627232,0.7471310739296075
0.25,50,Shortest Path,0.8008880416627232,0.7793647741295574
0.25,50,Diffusion Maps,0.48414710493159496,0.8848696522225077
0.25,50,PHATE,0.7828042238814603,0.7696288005699548
0.25,50,HeatGeo,0.7663503655416298,0.7206280661058758
0.25,50,DTNE,0.7846274779439271,0.7374243850138283
0.25,50,EntroPath,0.8500316269358403,0.8482255246376943
0.25,51,Euclidean,0.5366744081094603,
0.25,51,Isomap,0.7907586102255333,0.7301230584090844
0.25,51,Shortest Path,0.7907586102255333,0.7447118770879434
0.25,51,Diffusion Maps,0.4725812853108236,0.8764691208156632
0.25,51,PHATE,0.7273112593759342,0.7185481532936139
0.25,51,HeatGeo,0.718846643905286,0.6623876279874172
0.25,51,DTNE,0.7755058043736583,0.7292936407535601
0.25,51,EntroPath,0.8277969346106988,0.8067318604076814
0.25,52,Euclidean,0.531932716578259,
0.25,52,Isomap,0.7263529039542295,0.604911857735174
0.25,52,Shortest Path,0.7263529039542295,0.6537911234333383
0.25,52,Diffusion Maps,0.528548421482513,0.914501322388672
0.25,52,PHATE,0.7116060040365528,0.6809551783008623
0.25,52,HeatGeo,0.7203057283348882,0.6212022299310317
0.25,52,DTNE,0.725922742052708,0.6326298677274074
0.25,52,EntroPath,0.821643085926597,0.854148280347381
0.25,53,Euclidean,0.5543628690651633,
0.25,53,Isomap,0.8154666185179679,0.7506477051799173
0.25,53,Shortest Path,0.8154666185179679,0.7801898226710954
0.25,53,Diffusion Maps,0.4837846171268818,0.9077019029019014
0.25,53,PHATE,0.7951307591363249,0.779968576424098
0.25,53,HeatGeo,0.7843209792531401,0.7359232498907112
0.25,53,DTNE,0.8376980514913267,0.8336026491120937
0.25,53,EntroPath,0.8811096397147523,0.8642559330919214
0.25,54,Euclidean,0.525137148341438,
0.25,54,Isomap,0.7819445073392554,0.7293163264717946
0.25,54,Shortest Path,0.7819445073392554,0.7997463151440586
0.25,54,Diffusion Maps,0.5005947622895532,0.9157539067206276
0.25,54,PHATE,0.8040724139336938,0.8136343805258487
0.25,54,HeatGeo,0.7746785846091214,0.785782602826188
0.25,54,DTNE,0.7952340181171668,0.8089517543065828
0.25,54,EntroPath,0.8666645452501025,0.8822921631513956
0.25,55,Euclidean,0.5300722193716979,
0.25,55,Isomap,0.800439393467755,0.7327528362875132
0.25,55,Shortest Path,0.800439393467755,0.7669094520728834
0.25,55,Diffusion Maps,0.4824603416347814,0.8883907242307342
0.25,55,PHATE,0.7869314199539712,0.7735910176875225
0.25,55,HeatGeo,0.7756677055569828,0.7365758789161848
0.25,55,DTNE,0.7890381486065856,0.7526140846406688
0.25,55,EntroPath,0.8464972723839398,0.8517756361882143
0.25,56,Euclidean,0.5146921121131137,
0.25,56,Isomap,0.7859748855891912,0.7403183494464952
0.25,56,Shortest Path,0.7859748855891912,0.7860576664826407
0.25,56,Diffusion Maps,0.5143619242248754,0.915630603528491
0.25,56,PHATE,0.8102295870014588,0.8248954138721012
0.25,56,HeatGeo,0.7884820751682148,0.8075243031373044
0.25,56,DTNE,0.8125686257723458,0.8454812474322748
0.25,56,EntroPath,0.8578297475772422,0.8907112256195667
0.25,57,Euclidean,0.5314154147997423,
0.25,57,Isomap,0.8231350943985507,0.7641869409201599
0.25,57,Shortest Path,0.8231350943985507,0.8028559175939322
0.25,57,Diffusion Maps,0.5032658400709364,0.906962449108939
0.25,57,PHATE,0.798681617966641,0.7918291727733237
0.25,57,HeatGeo,0.7884483794382177,0.7504919751993114
0.25,57,DTNE,0.8010338270291303,0.7747448428771445
0.25,57,EntroPath,0.8593372410732395,0.8460603201938808
0.25,58,Euclidean,0.5308873528190522,
0.25,58,Isomap,0.8333581566128411,0.7761954137444097
0.25,58,Shortest Path,0.8333581566128411,0.813541382609473
0.25,58,Diffusion Maps,0.5158200858777737,0.8911299935282958
0.25,58,PHATE,0.8054589466204575,0.7995511885319538
0.25,58,HeatGeo,0.7732713591668208,0.7261446496604158
0.25,58,DTNE,0.8110261723376705,0.7954330734128325
0.25,58,EntroPath,0.8636361966809232,0.8643062922444705
0.25,59,Euclidean,0.5338092045925367,
0.25,59,Isomap,0.7979303895844319,0.7343697294112522
0.25,59,Shortest Path,0.7979303895844319,0.7418887475802467
0.25,59,Diffusion Maps,0.49926515779661607,0.8846088787456793
0.25,59,PHATE,0.780933569781888,0.7663204785996602
0.25,59,HeatGeo,0.7584798592344221,0.7106453113899293
0.25,59,DTNE,0.7919693044450153,0.749092540774141
0.25,59,EntroPath,0.8508165789666606,0.8352311680817888
0.25,60,Euclidean,0.536577720222724,
0.25,60,Isomap,0.7550411981501262,0.6721873737709696
0.25,60,Shortest Path,0.7550411981501262,0.703213261128312
0.25,60,Diffusion Maps,0.5041271709698694,0.8907250750840887
0.25,60,PHATE,0.7513111656819401,0.7336967875334065
0.25,60,HeatGeo,0.7406338092041517,0.6782260594298651
0.25,60,DTNE,0.7767652582417336,0.7353500770903469
0.25,60,EntroPath,0.8581760400395394,0.8784312682587542
0.25,61,Euclidean,0.5340359682183434,
0.25,61,Isomap,0.7788854169629861,0.7159206752107286
0.25,61,Shortest Path,0.7788854169629861,0.7454537379260201
0.25,61,Diffusion Maps,0.47407887722014164,0.8703793895679072
0.25,61,PHATE,0.7642541422467991,0.750111380069915
0.25,61,HeatGeo,0.7507603840876895,0.6997942643664176
0.25,61,DTNE,0.7600048287807568,0.7138856061784647
0.25,61,EntroPath,0.8237302706300599,0.8333264940871337
0.25,62,Euclidean,0.5256466616288626,
0.25,62,Isomap,0.7580723589459897,0.6653256357593211
0.25,62,Shortest Path,0.7580723589459897,0.6866019137511701
0.25,62,Diffusion Maps,0.4874653424677805,0.9078663098448624
0.25,62,PHATE,0.780763525629181,0.7600672146523713
0.25,62,HeatGeo,0.7570476554966674,0.6886914434003789
0.25,62,DTNE,0.7932461656616597,0.7471997909232395
0.25,62,EntroPath,0.861277395882626,0.8688014400285728
0.25,63,Euclidean,0.5264904076400062,
0.25,63,Isomap,0.795803511939904,0.7339208410654277
0.25,63,Shortest Path,0.795803511939904,0.7562572547888059
0.25,63,Diffusion Maps,0.4752527456768926,0.8994572767870423
0.25,63,PHATE,0.7972781547312695,0.7763115813056679
0.25,63,HeatGeo,0.7821102547452405,0.7436002278797057
0.25,63,DTNE,0.7994285102836705,0.771841947110943
0.25,63,EntroPath,0.8559248865686597,0.8579943836295025
0.25,64,Euclidean,0.5405274304216674,
0.25,64,Isomap,0.7427891032948908,0.6449415419789475
0.25,64,Shortest Path,0.7427891032948908,0.6874848825418716
0.25,64,Diffusion Maps,0.4966964668618093,0.8555579606597594
0.25,64,PHATE,0.717109922896884,0.6821317800416725
0.25,64,HeatGeo,0.7164223649459864,0.6521989362842082
0.25,64,DTNE,0.7295059952123208,0.6649504098107614
0.25,64,EntroPath,0.8272819085623894,0.7776457152990911
0.25,65,Euclidean,0.5306182155522206,
0.25,65,Isomap,0.7891456882675573,0.7265153231600786
0.25,65,Shortest Path,0.7891456882675573,0.7490024327095982
0.25,65,Diffusion Maps,0.5134062881335564,0.9088286288316832
0.25,65,PHATE,0.7840987561137926,0.7830274317842105
0.25,65,HeatGeo,0.7587193511538052,0.7106539576499963
0.25,65,DTNE,0.8011030104068552,0.7764123113959384
0.25,65,EntroPath,0.8373826056849747,0.8397226224223224
0.25,66,Euclidean,0.5307019399474513,
0.25,66,Isomap,0.7369008759522404,0.5876251958486751
0.25,66,Shortest Path,0.7369008759522404,0.5960962352782998
0.25,66,Diffusion Maps,0.49061706936726623,0.9043163414312262
0.25,66,PHATE,0.7430759054962918,0.7233202129112606
0.25,66,HeatGeo,0.7219274150032975,0.6103182368571675
0.25,66,DTNE,0.7747560552581096,0.8126368791670612
0.25,66,EntroPath,0.8423303094873263,0.860384770648838
0.25,67,Euclidean,0.5186521428311753,
0.25,67,Isomap,0.7889644302646819,0.7283760072739074
0.25,67,Shortest Path,0.7889644302646819,0.7617024549128919
0.25,67,Diffusion Maps,0.5055645050325464,0.8879455832886415
0.25,67,PHATE,0.7699350150608337,0.7541048461310236
0.25,67,HeatGeo,0.7573932153659413,0.7205797597665199
0.25,67,DTNE,0.7780815088780519,0.7487532053804681
0.25,67,EntroPath,0.8434888321863635,0.8258437662389754
0.25,68,Euclidean,0.5347379817806802,
0.25,68,Isomap,0.807249547845995,0.738273539680501
0.25,68,Shortest Path,0.807249547845995,0.7614284918187323
0.25,68,Diffusion Maps,0.49371117864562913,0.8702063613420826
0.25,68,PHATE,0.7731633867083693,0.7477413352449498
0.25,68,HeatGeo,0.7672372971786194,0.710710888270712
0.25,68,DTNE,0.794092555028265,0.7494280683051737
0.25,68,EntroPath,0.8671593784272017,0.838909725158375
0.25,69,Euclidean,0.5314471122302895,
0.25,69,Isomap,0.777198789255739,0.7083544469547087
0.25,69,Shortest Path,0.777198789255739,0.7357518264883194
0.25,69,Diffusion Maps,0.49926772746508397,0.8739369161592809
0.25,69,PHATE,0.7524263106380518,0.7260566518131438
0.25,69,HeatGeo,0.7443785920835794,0.6812329323603245
0.25,69,DTNE,0.7719756539380803,0.726100263006879
0.25,69,EntroPath,0.8398447250930271,0.8236176317941254
0.25,70,Euclidean,0.5160226429633736,
0.25,70,Isomap,0.8049046635314654,0.7546693656873482
0.25,70,Shortest Path,0.8049046635314654,0.8256215983659999
0.25,70,Diffusion Maps,0.5131451969220346,0.9168755641469384
0.25,70,PHATE,0.8005372899039611,0.8195578824292027
0.25,70,HeatGeo,0.7704717110214268,0.8124199094134156
0.25,70,DTNE,0.8558332900857335,0.8815764441853059
0.25,70,EntroPath,0.8792032459104929,0.9056119022762131
0.25,71,Euclidean,0.5255735259168625,
0.25,71,Isomap,0.7606933630291123,0.6674621513459433
0.25,71,Shortest Path,0.7606933630291123,0.7097408461182544
0.25,71,Diffusion Maps,0.4889393496883578,0.8840441546539036
0.25,71,PHATE,0.7564331064503724,0.7286196598411819
0.25,71,HeatGeo,0.7457465965557856,0.6838967546295671
0.25,71,DTNE,0.7549100295921235,0.6941523559805429
0.25,71,EntroPath,0.8488158187952836,0.8434838628285616
0.5,42,Euclidean,0.520575997674513,
0.5,42,Isomap,0.6481124729143852,0.5127355301637305
0.5,42,Shortest Path,0.6481124729143852,0.5458821883764706
0.5,42,Diffusion Maps,0.5098657489833506,0.83462531148382
0.5,42,PHATE,0.6827275653307134,0.6652229436212101
0.5,42,HeatGeo,0.6821576188664903,0.5966927045369532
0.5,42,DTNE,0.7030527887074168,0.6399284812090731
0.5,42,EntroPath,0.7312248980981653,0.6284765226840148
0.5,43,Euclidean,0.5190655235643348,
0.5,43,Isomap,0.6600823239517657,0.5113577668105825
0.5,43,Shortest Path,0.6600823239517657,0.5486074351162067
0.5,43,Diffusion Maps,0.5014900086529752,0.8560883390914678
0.5,43,PHATE,0.6975354590485935,0.6889045438672791
0.5,43,HeatGeo,0.6938151284403463,0.6212020760117297
0.5,43,DTNE,0.722824766528159,0.6764651223464586
0.5,43,EntroPath,0.7978522104257836,0.7930195451133976
0.5,44,Euclidean,0.5276428425962231,
0.5,44,Isomap,0.6536274434289217,0.5164245398795495
0.5,44,Shortest Path,0.6536274434289217,0.5610011147172685
0.5,44,Diffusion Maps,0.44908398418503553,0.8720319753397721
0.5,44,PHATE,0.6735728128283361,0.6624708263478587
0.5,44,HeatGeo,0.6763049548077342,0.5789670079596856
0.5,44,DTNE,0.6917427460336776,0.6035307105136654
0.5,44,EntroPath,0.7913557094050029,0.8357071971856799
0.5,45,Euclidean,0.518140933476498,
0.5,45,Isomap,0.6286877869895909,0.49958751097245324
0.5,45,Shortest Path,0.6286877869895909,0.5375403401325287
0.5,45,Diffusion Maps,0.45998771712207465,0.7404777254761016
0.5,45,PHATE,0.6532574411860586,0.618182724759527
0.5,45,HeatGeo,0.6624144761412237,0.5802822855879892
0.5,45,DTNE,0.6693643565949642,0.5914923381172569
0.5,45,EntroPath,0.758718731669138,0.6895389406219626
0.5,46,Euclidean,0.5255973559144437,
0.5,46,Isomap,0.7049687834938491,0.6324403467334269
0.5,46,Shortest Path,0.7049687834938491,0.6862284643981149
0.5,46,Diffusion Maps,0.5207611003572357,0.8666535457450949
0.5,46,PHATE,0.7041160375059902,0.7101146237841143
0.5,46,HeatGeo,0.6964400176732511,0.6128602655021205
0.5,46,DTNE,0.7235777135752562,0.7057505649386255
0.5,46,EntroPath,0.7965670710152374,0.8529177404708361
0.5,47,Euclidean,0.5239779028741097,
0.5,47,Isomap,0.6639650843372137,0.5329365651699725
0.5,47,Shortest Path,0.6639650843372137,0.5574786871581436
0.5,47,Diffusion Maps,0.48615579126950864,0.9209020564043284
0.5,47,PHATE,0.7305629533610649,0.8002110073339974
0.5,47,HeatGeo,0.7190369186733007,0.8621346880174322
0.5,47,DTNE,0.7200653588528498,0.6646143052367024
0.5,47,EntroPath,0.8122251840627523,0.877798784676873
0.5,48,Euclidean,0.5220043600846971,
0.5,48,Isomap,0.625928891375117,0.5260695836386663
0.5,48,Shortest Path,0.625928891375117,0.5598032354285251
0.5,48,Diffusion Maps,0.4661916904150274,0.8832147770784793
0.5,48,PHATE,0.6684658385131005,0.7196581996163247
0.5,48,HeatGeo,0.6725399633262578,0.5698796461646739
0.5,48,DTNE,0.6754026081261352,0.5391180903807761
0.5,48,EntroPath,0.7646042575724801,0.8418382290003862
0.5,49,Euclidean,0.5183289624256573,
0.5,49,Isomap,0.668614234023919,0.5356887434452963
0.5,49,Shortest Path,0.668614234023919,0.5550938569337223
0.5,49,Diffusion Maps,0.46965042062472684,0.8460020451269179
0.5,49,PHATE,0.7204133030306445,0.7303530400598197
0.5,49,HeatGeo,0.7036806924430684,0.6309363289467558
0.5,49,DTNE,0.7246894315648817,0.6389144829366635
0.5,49,EntroPath,0.7963786354408438,0.7709109041743094
0.5,50,Euclidean,0.5202910667706226,
0.5,50,Isomap,0.6223223075629406,0.5133988965669021
0.5,50,Shortest Path,0.6223223075629406,0.5314347615714764
0.5,50,Diffusion Maps,0.464503896435455,0.8370128572732313
0.5,50,PHATE,0.6481054539184006,0.6177403694790339
0.5,50,HeatGeo,0.6624600468154499,0.5535721019270897
0.5,50,DTNE,0.6593871793178873,0.5510790718279561
0.5,50,EntroPath,0.779628624126628,0.8572665265034921
0.5,51,Euclidean,0.5362533851295018,
0.5,51,Isomap,0.6175164496985731,0.5301901263484596
0.5,51,Shortest Path,0.6175164496985731,0.5582481041594372
0.5,51,Diffusion Maps,0.4660853360681843,0.7944136337034884
0.5,51,PHATE,0.6223236752437781,0.550715648513446
0.5,51,HeatGeo,0.649134324566187,0.5707854181189694
0.5,51,DTNE,0.6450639580368263,0.5621811285056943
0.5,51,EntroPath,0.7409523907637002,0.6753093479172019
0.5,52,Euclidean,0.5314189708194937,
0.5,52,Isomap,0.6459488284367408,0.5490568228476099
0.5,52,Shortest Path,0.6459488284367408,0.586883391231652
0.5,52,Diffusion Maps,0.504094211831892,0.8658712948884353
0.5,52,PHATE,0.6279646658757309,0.5739815468823001
0.5,52,HeatGeo,0.6599201779440772,0.5467345895530348
0.5,52,DTNE,0.6620651719791647,0.557914758220702
0.5,52,EntroPath,0.7453056767640578,0.7546386441163524
0.5,53,Euclidean,0.5537842180339418,
0.5,53,Isomap,0.6515614985338015,0.5451743634640143
0.5,53,Shortest Path,0.6515614985338015,0.5662496412966245
0.5,53,Diffusion Maps,0.49564496351253706,0.8296250036669988
0.5,53,PHATE,0.6656369743250004,0.6216995703211967
0.5,53,HeatGeo,0.6786666398446971,0.5951468560714291
0.5,53,DTNE,0.6837373190634357,0.607357047154959
0.5,53,EntroPath,0.7819694407271204,0.7172143172892753
0.5,54,Euclidean,0.5247220855840833,
0.5,54,Isomap,0.6609033225479106,0.5245306625610103
0.5,54,Shortest Path,0.6609033225479106,0.5527393997126192
0.5,54,Diffusion Maps,0.47767560595462905,0.8837027803135803
0.5,54,PHATE,0.6885476107393038,0.6437893219274803
0.5,54,HeatGeo,0.6796112273381436,0.5719027824723173
0.5,54,DTNE,0.6938701330890672,0.5822066665900518
0.5,54,EntroPath,0.79297303589858,0.7873052690864953
0.5,55,Euclidean,0.5292318181387992,
0.5,55,Isomap,0.6860120979521293,0.5712029817784269
0.5,55,Shortest Path,0.6860120979521293,0.5796095727443301
0.5,55,Diffusion Maps,0.46594162465992767,0.8097880305280268
0.5,55,PHATE,0.6973768343007841,0.6603541475722846
0.5,55,HeatGeo,0.6939934651169428,0.6086534194469608
0.5,55,DTNE,0.7215571863717144,0.6420278475108425
0.5,55,EntroPath,0.784518070275378,0.7459261600469905
0.5,56,Euclidean,0.5140577539903586,
0.5,56,Isomap,0.6618163505348771,0.5274432055720052
0.5,56,Shortest Path,0.6618163505348771,0.532785221121071
0.5,56,Diffusion Maps,0.5070191292312823,0.8875152843343594
0.5,56,PHATE,0.7089179263024907,0.6866670320550665
0.5,56,HeatGeo,0.7027489578805921,0.6009995334341345
0.5,56,DTNE,0.7219122626110354,0.6241674993870809
0.5,56,EntroPath,0.7893356536488966,0.7882213661988653
0.5,57,Euclidean,0.5311451487154989,
0.5,57,Isomap,0.6379925395543118,0.5358119591657692
0.5,57,Shortest Path,0.6379925395543118,0.5786935963822752
0.5,57,Diffusion Maps,0.4838962940990015,0.8566434431419914
0.5,57,PHATE,0.6710116676513933,0.6786406319345859
0.5,57,HeatGeo,0.6828584870145284,0.5697380214153623
0.5,57,DTNE,0.6876842211661386,0.5776520277022896
0.5,57,EntroPath,0.7853130688024194,0.741283679607822
0.5,58,Euclidean,0.5301421822915963,
0.5,58,Isomap,0.6294821539365779,0.5207775066707528
0.5,58,Shortest Path,0.6294821539365779,0.5523084772746734
0.5,58,Diffusion Maps,0.5001198946312496,0.8487235002058087
0.5,58,PHATE,0.6489997598446371,0.5750955523166991
0.5,58,HeatGeo,0.6603140683171916,0.5427438853180345
0.5,58,DTNE,0.6755871189708968,0.5834329726597535
0.5,58,EntroPath,0.7797947522222072,0.7235560305017374
0.5,59,Euclidean,0.5331259666882991,
0.5,59,Isomap,0.6369650779496355,0.5231075462753899
0.5,59,Shortest Path,0.6369650779496355,0.5567643150366476
0.5,59,Diffusion Maps,0.49806693766327614,0.8248561294476067
0.5,59,PHATE,0.6751554683768312,0.6609495603011717
0.5,59,HeatGeo,0.6845335797771258,0.6114818222955322
0.5,59,DTNE,0.6927591569162961,0.6184507558636676
0.5,59,EntroPath,0.7800629415556126,0.7536532540722315
0.5,60,Euclidean,0.5358718527244103,
0.5,60,Isomap,0.6690957886638516,0.5512238498603655
0.5,60,Shortest Path,0.6690957886638516,0.5569523296047423
0.5,60,Diffusion Maps,0.48979632871390655,0.8053650937713603
0.5,60,PHATE,0.6588614279557196,0.6155438815496338
0.5,60,HeatGeo,0.6685097111536249,0.5775602938781703
0.5,60,DTNE,0.6804807525286667,0.5875699502363796
0.5,60,EntroPath,0.7642154141072037,0.6892322540113902
0.5,61,Euclidean,0.5334359119634893,
0.5,61,Isomap,0.6672336633647156,0.5571477779265008
0.5,61,Shortest Path,0.6672336633647156,0.5774700119338949
0.5,61,Diffusion Maps,0.4574245079424097,0.7892358719006652
0.5,61,PHATE,0.6825859342156063,0.6831578278583738
0.5,61,HeatGeo,0.678192638838188,0.6004335319889675
0.5,61,DTNE,0.6830925199829646,0.6228752669277583
0.5,61,EntroPath,0.7479244372418944,0.7877649955202827
0.5,62,Euclidean,0.5252066759355655,
0.5,62,Isomap,0.6654763300073462,0.5457730819756725
0.5,62,Shortest Path,0.6654763300073462,0.5601719893723137
0.5,62,Diffusion Maps,0.4605712755814845,0.8216830993462197
0.5,62,PHATE,0.6641026615131891,0.6155229671539975
0.5,62,HeatGeo,0.6718961031747106,0.5854006295422487
0.5,62,DTNE,0.6718484685000159,0.5772979829359125
0.5,62,EntroPath,0.7704095316569697,0.6660254275726452
0.5,63,Euclidean,0.5257223132707495,
0.5,63,Isomap,0.6678295285067459,0.5222179163530715
0.5,63,Shortest Path,0.6678295285067459,0.5373711298449525
0.5,63,Diffusion Maps,0.45735295368855605,0.8370019636627624
0.5,63,PHATE,0.6847728891547876,0.63680807443136
0.5,63,HeatGeo,0.6861742993035557,0.5838525109927336
0.5,63,DTNE,0.7043285512703799,0.6096852174668416
0.5,63,EntroPath,0.7948837162702973,0.7192646991205813
0.5,64,Euclidean,0.5397449017474203,
0.5,64,Isomap,0.6489528976094655,0.5404511954588405
0.5,64,Shortest Path,0.6489528976094655,0.5631632204570755
0.5,64,Diffusion Maps,0.45614133624244557,0.7185978013000495
0.5,64,PHATE,0.6212251866173328,0.5726577237440043
0.5,64,HeatGeo,0.6452932707014168,0.5649610738574994
0.5,64,DTNE,0.6575262227780558,0.5849096093812672
0.5,64,EntroPath,0.738477324922221,0.6488798573175477
0.5,65,Euclidean,0.5298203413673804,
0.5,65,Isomap,0.6385193230924772,0.5273083359562666
0.5,65,Shortest Path,0.6385193230924772,0.5501401696178421
0.5,65,Diffusion Maps,0.5032696178907772,0.851738102065297
0.5,65,PHATE,0.6654893070994958,0.615334557811188
0.5,65,HeatGeo,0.6676860842831327,0.5627554875605972
0.5,65,DTNE,0.677768117424487,0.5749816941143245
0.5,65,EntroPath,0.7550801435432432,0.6989042786994099
0.5,66,Euclidean,0.5302856204025436,
0.5,66,Isomap,0.6441971187162651,0.521576999874562
0.5,66,Shortest Path,0.6441971187162651,0.5444511321779509
0.5,66,Diffusion Maps,0.4794875955222357,0.8429810422245659
0.5,66,PHATE,0.6394730308975809,0.5701081198091539
0.5,66,HeatGeo,0.6572773563147941,0.5427909204497143
0.5,66,DTNE,0.6523313584630155,0.534968298948273
0.5,66,EntroPath,0.7571977150730019,0.6442449361895664
0.5,67,Euclidean,0.5178410684306118,
0.5,67,Isomap,0.648028966443432,0.5205740215625831
0.5,67,Shortest Path,0.648028966443432,0.5343565152005433
0.5,67,Diffusion Maps,0.49646873570794414,0.843104705761289
0.5,67,PHATE,0.6728248631695728,0.658300087865254
0.5,67,HeatGeo,0.6721048174913282,0.618879431151011
0.5,67,DTNE,0.7045320133985913,0.6715253834079202
0.5,67,EntroPath,0.78274478974322,0.7650462474698311
0.5,68,Euclidean,0.5340802285775021,
0.5,68,Isomap,0.6512980324456523,0.5203200873372121
0.5,68,Shortest Path,0.6512980324456523,0.5471236946498775
0.5,68,Diffusion Maps,0.4879725184897254,0.8157658769489852
0.5,68,PHATE,0.6753777828493827,0.6505517181856694
0.5,68,HeatGeo,0.6874599901715124,0.6123982345902682
0.5,68,DTNE,0.717319975184289,0.6461633660441333
0.5,68,EntroPath,0.8039315080227802,0.7610890573860504
0.5,69,Euclidean,0.5306367451150501,
0.5,69,Isomap,0.6297842569813437,0.5160243080564307
0.5,69,Shortest Path,0.6297842569813437,0.5428241780597507
0.5,69,Diffusion Maps,0.4843101669581037,0.7936148864409683
0.5,69,PHATE,0.6310473997569357,0.5779090190620837
0.5,69,HeatGeo,0.6523911550497471,0.547250496443417
0.5,69,DTNE,0.6610567097512722,0.5635671104260839
0.5,69,EntroPath,0.7605093476182537,0.7156497635972642
0.5,70,Euclidean,0.5152441614681215,
0.5,70,Isomap,0.6380318782882433,0.5072641396291239
0.5,70,Shortest Path,0.6380318782882433,0.534844299245719
0.5,70,Diffusion Maps,0.48637005164894764,0.884068936116707
0.5,70,PHATE,0.6716548334805541,0.620401470665513
0.5,70,HeatGeo,0.6851033987278926,0.5584495269999866
0.5,70,DTNE,0.6964551399333301,0.5680251769465815
0.5,70,EntroPath,0.7669267203451577,0.7860512217873201
0.5,71,Euclidean,0.5251198286117533,
0.5,71,Isomap,0.6396776651313645,0.5050476830637541
0.5,71,Shortest Path,0.6396776651313645,0.5345367911598442
0.5,71,Diffusion Maps,0.4765290787623542,0.8102740459989755
0.5,71,PHATE,0.6479950771391703,0.5979989415601196
0.5,71,HeatGeo,0.6609651386151033,0.5645149569664712
0.5,71,DTNE,0.6764393420426429,0.5727987704235001
0.5,71,EntroPath,0.7765211197453081,0.6997804801236955
1.0,42,Euclidean,0.5184453120621874,
1.0,42,Isomap,0.5321387930196328,0.5091705586344223
1.0,42,Shortest Path,0.5321387930196328,0.5211481520820471
1.0,42,Diffusion Maps,0.3558807817211909,0.43008035476221596
1.0,42,PHATE,0.5081860727803843,0.49986861345988315
1.0,42,HeatGeo,0.5501061852705632,0.4891204632158422
1.0,42,DTNE,0.5319672427016813,0.4963339995395596
1.0,42,EntroPath,0.5442108822286518,0.5139478926017064
1.0,43,Euclidean,0.5168659337596728,
1.0,43,Isomap,0.5374406461751897,0.5085983373158051
1.0,43,Shortest Path,0.5374406461751897,0.5116116967207329
1.0,43,Diffusion Maps,0.3598398276555696,0.42777600566875035
1.0,43,PHATE,0.5115594692473865,0.49688309671802877
1.0,43,HeatGeo,0.5604466215172151,0.48424337932780215
1.0,43,DTNE,0.5419923387624744,0.4855329553763369
1.0,43,EntroPath,0.5638306413093935,0.5190227037557817
1.0,44,Euclidean,0.5252713108581317,
1.0,44,Isomap,0.5408318000749626,0.5141027353308787
1.0,44,Shortest Path,0.5408318000749626,0.4567283377845079
1.0,44,Diffusion Maps,0.3066119749597021,0.4394884375761454
1.0,44,PHATE,0.5182546305923234,0.5024371900131748
1.0,44,HeatGeo,0.5610696500314722,0.5060591605449872
1.0,44,DTNE,0.5449883894822788,0.4969068193421035
1.0,44,EntroPath,0.569390424692827,0.44610541583704766
1.0,45,Euclidean,0.5151735139416556,
1.0,45,Isomap,0.5285476835039142,0.4971053853991561
1.0,45,Shortest Path,0.5285476835039142,0.5292278822985066
1.0,45,Diffusion Maps,0.2912834395651279,0.4206756982778176
1.0,45,PHATE,0.5002314801244466,0.48479798210817127
1.0,45,HeatGeo,0.5428272974895857,0.4246337562474931
1.0,45,DTNE,0.5277694962601421,0.47026201601326195
1.0,45,EntroPath,0.5280984204099047,0.5194586477112431
1.0,46,Euclidean,0.5237699395981775,
1.0,46,Isomap,0.5362173175228756,0.5108906679225499
1.0,46,Shortest Path,0.5362173175228756,0.5326316441997276
1.0,46,Diffusion Maps,0.33446452206358435,0.42792978942399135
1.0,46,PHATE,0.5085718831442748,0.49548562433093435
1.0,46,HeatGeo,0.5499922343040891,0.4812685183094551
1.0,46,DTNE,0.5335188512875056,0.49184884316482574
1.0,46,EntroPath,0.5215755267626305,0.5297454589727297
1.0,47,Euclidean,0.5219800749008139,
1.0,47,Isomap,0.5363539973605422,0.5122066211731993
1.0,47,Shortest Path,0.5363539973605422,0.5278847771175378
1.0,47,Diffusion Maps,0.3238464614957629,0.4368944991624942
1.0,47,PHATE,0.5168783379324797,0.5018471521586619
1.0,47,HeatGeo,0.5638375969899364,0.5090034254995366
1.0,47,DTNE,0.5471120812275508,0.5062698480080882
1.0,47,EntroPath,0.5755877981603414,0.5144532976157749
1.0,48,Euclidean,0.5193240492919133,
1.0,48,Isomap,0.5310839794859893,0.5102394870873876
1.0,48,Shortest Path,0.5310839794859893,0.5325201864753699
1.0,48,Diffusion Maps,0.3232310134278852,0.4336815128848209
1.0,48,PHATE,0.5096449028485716,0.5056122308308809
1.0,48,HeatGeo,0.553817204256783,0.5018160409919675
1.0,48,DTNE,0.5368595293675367,0.4587215515400344
1.0,48,EntroPath,0.566470711255027,0.5413011914801246
1.0,49,Euclidean,0.5160070406276712,
1.0,49,Isomap,0.5362960138642895,0.5012304037123667
1.0,49,Shortest Path,0.5362960138642895,0.4782192381558648
1.0,49,Diffusion Maps,0.3340225022571346,0.4479073592088838
1.0,49,PHATE,0.5147698981758146,0.5006635897197849
1.0,49,HeatGeo,0.5609496445272186,0.4775954541332228
1.0,49,DTNE,0.5416307754192412,0.47744823902041117
1.0,49,EntroPath,0.5817584601587581,0.5093398721890976
1.0,50,Euclidean,0.5178338267609781,
1.0,50,Isomap,0.5268627545739837,0.504186398831548
1.0,50,Shortest Path,0.5268627545739837,0.500527812590229
1.0,50,Diffusion Maps,0.332640239317106,0.42126377082084593
1.0,50,PHATE,0.5051636897097197,0.49075890770910985
1.0,50,HeatGeo,0.5442965760485348,0.4559646466341279
1.0,50,DTNE,0.526426317175104,0.46997815525856024
1.0,50,EntroPath,0.5507424176577779,0.5211406783511876
1.0,51,Euclidean,0.5342201171772073,
1.0,51,Isomap,0.5444506701631596,0.5245401485457444
1.0,51,Shortest Path,0.5444506701631596,0.5155759524589624
1.0,51,Diffusion Maps,0.3148567175982887,0.42499974181084543
1.0,51,PHATE,0.5140596413236649,0.5008382844102232
1.0,51,HeatGeo,0.5503719775954043,0.4783520227065485
1.0,51,DTNE,0.5338709048898629,0.496451575615135
1.0,51,EntroPath,0.5324242326433487,0.4917634621304647
1.0,52,Euclidean,0.5292447323331336,
1.0,52,Isomap,0.5412239292183629,0.4782362762259509
1.0,52,Shortest Path,0.5412239292183629,0.46656730945502783
1.0,52,Diffusion Maps,0.33387040225968845,0.4128556219130587
1.0,52,PHATE,0.5125653702759789,0.5023281144611346
1.0,52,HeatGeo,0.5498979074762606,0.425925458891608
1.0,52,DTNE,0.5350762667790352,0.46167487980476735
1.0,52,EntroPath,0.540320221905998,0.5320829548385304
1.0,53,Euclidean,0.5514589288533156,
1.0,53,Isomap,0.5645914426304744,0.5377276949841286
1.0,53,Shortest Path,0.5645914426304744,0.5543287466405876
1.0,53,Diffusion Maps,0.3457472354525611,0.43574872179107577
1.0,53,PHATE,0.5341904378563156,0.5238326012630942
1.0,53,HeatGeo,0.5657479950726115,0.4755388085116132
1.0,53,DTNE,0.5497793279357397,0.5193870104639406
1.0,53,EntroPath,0.5422110701228993,0.5355539240370937
1.0,54,Euclidean,0.5226900188540217,
1.0,54,Isomap,0.5343828141503184,0.484945586236061
1.0,54,Shortest Path,0.5343828141503184,0.45977725513357287
1.0,54,Diffusion Maps,0.2908688428598684,0.41673246968228866
1.0,54,PHATE,0.5043755212613814,0.49583068560256105
1.0,54,HeatGeo,0.5414570517548565,0.42407030496930154
1.0,54,DTNE,0.5228438614694585,0.45100506356556663
1.0,54,EntroPath,0.5523820598940613,0.46570478364407425
1.0,55,Euclidean,0.5263837416478511,
1.0,55,Isomap,0.5383750952570882,0.5147405077944378
1.0,55,Shortest Path,0.5383750952570882,0.5309903269465063
1.0,55,Diffusion Maps,0.3198809525964184,0.43364400670305125
1.0,55,PHATE,0.5136549598891038,0.5035751882367611
1.0,55,HeatGeo,0.5541282428556622,0.4462612741070235
1.0,55,DTNE,0.5369391679022696,0.47218062725957577
1.0,55,EntroPath,0.5656006634000185,0.45422202677615087
1.0,56,Euclidean,0.5116003869517342,
1.0,56,Isomap,0.525853006653477,0.5051799707000648
1.0,56,Shortest Path,0.525853006653477,0.5002394454058862
1.0,56,Diffusion Maps,0.3381740677868965,0.42190653058811695
1.0,56,PHATE,0.5075832618696736,0.4977953415296238
1.0,56,HeatGeo,0.5531208025266388,0.478021635948605
1.0,56,DTNE,0.5376768564702773,0.4844508051322958
1.0,56,EntroPath,0.5559351591666705,0.4836097734505391
1.0,57,Euclidean,0.5294532146478644,
1.0,57,Isomap,0.5429562386891644,0.5221678593658692
1.0,57,Shortest Path,0.5429562386891644,0.5445220148182199
1.0,57,Diffusion Maps,0.322694180755543,0.42394096985654994
1.0,57,PHATE,0.5158075018350017,0.5072724127326426
1.0,57,HeatGeo,0.5567203174132112,0.5055399345430974
1.0,57,DTNE,0.5375382548451403,0.49214973638846454
1.0,57,EntroPath,0.5705794693127345,0.5410163748000127
1.0,58,Euclidean,0.5274522448656761,
1.0,58,Isomap,0.5377313547156461,0.5119782239836135
1.0,58,Shortest Path,0.5377313547156461,0.5303828626129882
1.0,58,Diffusion Maps,0.3154757604785876,0.4252156826318565
1.0,58,PHATE,0.5110487784184886,0.5034715164023454
1.0,58,HeatGeo,0.5460835925658025,0.49378049874637026
1.0,58,DTNE,0.529077564394059,0.502617943412397
1.0,58,EntroPath,0.5526753704675161,0.5326480122193229
1.0,59,Euclidean,0.5306522945977493,
1.0,59,Isomap,0.5512372067933367,0.5200714179026451
1.0,59,Shortest Path,0.5512372067933367,0.5195398508518524
1.0,59,Diffusion Maps,0.3529521338717407,0.4287909718049716
1.0,59,PHATE,0.527144415166292,0.5115468690448829
1.0,59,HeatGeo,0.5726653317086471,0.487676569151693
1.0,59,DTNE,0.5558856716909506,0.4982336955189307
1.0,59,EntroPath,0.5972058288986837,0.532084055237078
1.0,60,Euclidean,0.5332340477047834,
1.0,60,Isomap,0.5472831137498179,0.5168653607839957
1.0,60,Shortest Path,0.5472831137498179,0.5229842232527675
1.0,60,Diffusion Maps,0.31354357818624035,0.4245657599580571
1.0,60,PHATE,0.5167615496239112,0.5013821772695657
1.0,60,HeatGeo,0.558547216203447,0.4692098490318733
1.0,60,DTNE,0.5417935884946978,0.4908335152155658
1.0,60,EntroPath,0.5770243960794212,0.4610859185591295
1.0,61,Euclidean,0.5310524184937815,
1.0,61,Isomap,0.5441954178357948,0.5037746977219841
1.0,61,Shortest Path,0.5441954178357948,0.47704493619257077
1.0,61,Diffusion Maps,0.32628259718447816,0.42725853921330037
1.0,61,PHATE,0.5156798413245662,0.5042761412703349
1.0,61,HeatGeo,0.5549105573995707,0.43104961242407996
1.0,61,DTNE,0.536643868515339,0.46216487151984403
1.0,61,EntroPath,0.5749235279456545,0.5212795339381403
1.0,62,Euclidean,0.5230907298258739,
1.0,62,Isomap,0.5409020152441086,0.5082114229126575
1.0,62,Shortest Path,0.5409020152441086,0.49685237605439364
1.0,62,Diffusion Maps,0.33126670326905194,0.4213341137468134
1.0,62,PHATE,0.510593257554453,0.49468196312044915
1.0,62,HeatGeo,0.5544719703237505,0.4624633213859182
1.0,62,DTNE,0.5377270933477251,0.47657870047561324
1.0,62,EntroPath,0.5763034231139595,0.4946431043006489
1.0,63,Euclidean,0.5230089806645064,
1.0,63,Isomap,0.5371159651755308,0.5100237140094072
1.0,63,Shortest Path,0.5371159651755308,0.5272973588633657
1.0,63,Diffusion Maps,0.31889049904682076,0.4264363573949137
1.0,63,PHATE,0.5140141156261313,0.5056435850387656
1.0,63,HeatGeo,0.5585398558348244,0.49361043223488626
1.0,63,DTNE,0.5417402441875094,0.5031805433670289
1.0,63,EntroPath,0.5847139084008972,0.5087304066102121
1.0,64,Euclidean,0.5369079805180369,
1.0,64,Isomap,0.5451141398724889,0.489151422082663
1.0,64,Shortest Path,0.5451141398724889,0.4839198830864382
1.0,64,Diffusion Maps,0.2793615250786054,0.4256482191501157
1.0,64,PHATE,0.5149348238894222,0.497681007486476
1.0,64,HeatGeo,0.5486586511393835,0.4255815790778272
1.0,64,DTNE,0.5336207006656482,0.4685944496354784
1.0,64,EntroPath,0.541433827788519,0.523640387087688
1.0,65,Euclidean,0.5270345861947491,
1.0,65,Isomap,0.5400250963762662,0.5141271363482042
1.0,65,Shortest Path,0.5400250963762662,0.4833436274082988
1.0,65,Diffusion Maps,0.33541614851044144,0.41468130694326144
1.0,65,PHATE,0.5124450009118674,0.498102146937583
1.0,65,HeatGeo,0.5486126268036421,0.4404118076658449
1.0,65,DTNE,0.5318992312019374,0.47048684121339956
1.0,65,EntroPath,0.5509100093567806,0.4880077524302692
1.0,66,Euclidean,0.5282945042941891,
1.0,66,Isomap,0.539800224515411,0.48721228644577547
1.0,66,Shortest Path,0.539800224515411,0.46966927613656684
1.0,66,Diffusion Maps,0.3372561755397218,0.4112767022850765
1.0,66,PHATE,0.5079329770696159,0.49220448145919804
1.0,66,HeatGeo,0.5451207882221892,0.4058632273892202
1.0,66,DTNE,0.5288764046565325,0.4534633779983085
1.0,66,EntroPath,0.5462694945580899,0.4722382485251635
1.0,67,Euclidean,0.5149871320915714,
1.0,67,Isomap,0.5317494712972102,0.48327990357491063
1.0,67,Shortest Path,0.5317494712972102,0.463402608576811
1.0,67,Diffusion Maps,0.3561769438375344,0.4026761563717295
1.0,67,PHATE,0.506457933565131,0.4846232813809308
1.0,67,HeatGeo,0.5457945264554199,0.402693884958996
1.0,67,DTNE,0.5291866546351255,0.44572442978170773
1.0,67,EntroPath,0.5342191461023306,0.47247303833147813
1.0,68,Euclidean,0.5315859061625409,
1.0,68,Isomap,0.5427708037397078,0.4947634933968486
1.0,68,Shortest Path,0.5427708037397078,0.4783004399609715
1.0,68,Diffusion Maps,0.3758502874530359,0.42483587918809257
1.0,68,PHATE,0.5203612464633218,0.5107086939130226
1.0,68,HeatGeo,0.5633771877064658,0.49836509509634697
1.0,68,DTNE,0.5473791227670892,0.5047509650185454
1.0,68,EntroPath,0.5576075362546138,0.5276963945290963
1.0,69,Euclidean,0.5278086462225107,
1.0,69,Isomap,0.5374917887810271,0.5136206419208104
1.0,69,Shortest Path,0.5374917887810271,0.4662874597306161
1.0,69,Diffusion Maps,0.33188927962479736,0.4347795909997041
1.0,69,PHATE,0.51004705149046,0.4960736247402981
1.0,69,HeatGeo,0.5465717332404942,0.4650244485170514
1.0,69,DTNE,0.5311684428986266,0.4825231729701187
1.0,69,EntroPath,0.5533437442001782,0.5213960683720238
1.0,70,Euclidean,0.5124620020550817,
1.0,70,Isomap,0.527582539722564,0.5012442532121917
1.0,70,Shortest Path,0.527582539722564,0.5136459870701117
1.0,70,Diffusion Maps,0.3179357014175256,0.4170850596747323
1.0,70,PHATE,0.504512047048299,0.4942025256389456
1.0,70,HeatGeo,0.5504792456723858,0.460077312660835
1.0,70,DTNE,0.5326323626535491,0.4639129748432775
1.0,70,EntroPath,0.5264097861565918,0.4998661388321789
1.0,71,Euclidean,0.5229878363370876,
1.0,71,Isomap,0.5393508047251855,0.49751849422233646
1.0,71,Shortest Path,0.5393508047251855,0.5336002162665417
1.0,71,Diffusion Maps,0.31788570628482415,0.41703122655847447
1.0,71,PHATE,0.5078109425298235,0.49657048065774634
1.0,71,HeatGeo,0.5496039877866863,0.48895257230492134
1.0,71,DTNE,0.5317361938581905,0.486741671371722
1.0,71,EntroPath,0.5787736726433789,0.5228116676130858
